Time,Temperature,Humidity,SoilMoisture,Toxicity
20:06:10,30,69.9,0,9
20:06:18,30,69.9,0,8
20:06:28,30,69.9,0,8
20:06:38,30,69.8,0,8
20:06:48,30,70,0,10
20:06:58,30.1,70.1,0,13
20:07:08,30,70.2,0,13
20:07:19,30.1,70.1,0,11
20:07:29,30.1,70,0,11
20:07:39,30,69.9,0,11
20:07:49,30,69.9,0,10
20:07:59,30.1,70,0,9
20:08:09,30.1,70.1,0,9
20:08:19,30.2,70,0,8
20:08:29,30.1,69.7,0,9
20:08:39,30.1,69.6,0,10
20:08:49,30,69.6,0,9
20:08:59,30.1,69.7,0,9
20:09:09,30,69.6,0,9
20:09:19,30.1,69.6,0,11
20:09:29,30.1,69.8,0,15
20:09:39,30.1,69.9,0,17
20:09:49,30.1,70,0,15
20:09:59,30.1,69.9,0,16
20:10:09,30,69.9,0,14
20:10:19,30.1,70,0,16
20:10:29,30.1,70,0,16
20:10:39,30.1,70.1,0,18
20:10:49,30.1,70.4,0,17
20:10:59,30.1,70.2,0,15
20:11:09,30.2,70.1,0,15
20:11:19,30.1,70,0,15
20:11:29,30.1,69.9,0,16
20:11:39,30.2,69.9,0,18
20:11:49,30.2,70,0,19
20:11:59,30.2,69.9,0,20
20:12:09,30.2,69.9,0,21
20:12:19,30.2,69.7,0,24
20:12:29,30.1,69.9,0,24
20:12:39,30.1,69.8,0,23
20:12:49,30.2,69.7,0,24
20:12:59,30.2,69.8,0,20
20:13:09,30.2,69.6,0,20
20:13:19,30.3,69.5,0,18
20:13:29,30.3,69.3,0,19
20:13:39,30.3,69.3,0,17
20:13:49,30.2,69.5,0,16
20:13:59,30.3,69.2,0,17
20:14:10,30.2,69.3,0,17
20:14:20,30.2,69.5,0,16
20:14:30,30.1,69.5,0,17
20:14:40,30.1,69.6,0,16
20:14:50,30.2,69.7,0,15
20:15:00,30.2,69.8,0,16
20:15:10,30.2,69.6,0,16
20:15:20,30.2,69.7,0,16
20:15:30,30.2,69.6,0,15
20:15:40,30.2,69.5,0,14
20:15:50,30.2,69.3,0,15
20:16:00,30.2,69.3,0,15
20:16:10,30.2,69.3,0,14
20:16:20,30.2,69.3,0,14
20:16:30,30.2,69.2,0,15
20:16:40,30.2,69.1,0,14
20:16:50,30.3,69.1,0,14
20:17:00,30.4,69.1,0,11
20:17:10,30.4,68.9,0,11
20:17:20,30.4,68.8,0,11
20:17:30,30.3,68.8,0,13
20:17:40,30.3,69.1,0,12
20:17:50,30.4,68.9,0,13
20:18:00,30.4,68.9,0,12
20:18:10,30.3,68.7,0,13
20:18:20,30.4,68.8,0,12
20:18:30,30.4,68.6,0,11
20:18:40,30.3,68.7,0,11
20:18:50,30.4,68.6,0,12
20:19:00,30.3,68.6,0,12
20:19:10,30.3,68.8,0,12
20:19:20,30.3,68.6,0,13
20:19:30,30.3,68.7,0,14
20:19:40,30.3,68.7,0,14
20:19:50,30.3,69,0,13
20:20:00,30.3,69,0,12
20:20:10,30.2,69,0,15
20:20:20,30.2,69,0,14
20:20:30,30.3,69,0,15
20:20:40,30.2,69.1,0,14
20:20:51,30.2,69.2,0,15
20:21:01,30.3,69.2,0,14
20:21:11,30.2,0,0,15
09:43:29,23.8,44.5,0,87
09:43:34,23.9,44.4,0,84
09:43:39,23.9,44.3,0,84
09:43:44,23.8,44.4,0,81
09:43:49,23.9,44.3,0,84
09:43:54,24,44.3,0,82
09:43:59,24,44.2,0,79
09:44:04,24.2,43.9,0,77
09:44:09,24,43.8,0,77
09:44:14,24.3,43.3,0,77
09:44:19,24.3,43.4,0,76
09:44:24,24.3,43.4,0,74
09:44:29,24.3,42.9,0,76
09:44:34,24.3,42.8,0,80
09:44:39,24.3,43.6,0,78
09:44:44,24.2,43.9,0,75
09:44:49,24.3,43.3,0,73
09:44:54,24.4,42.7,0,71
09:44:59,24.3,42.3,0,71
09:45:04,24.2,42.3,0,69
09:45:09,24.3,42.2,0,68
09:45:14,24.3,42.1,0,68
09:45:19,24.4,42.1,0,67
09:45:24,24.5,42.2,0,67
09:45:29,24.3,42.2,0,65
09:45:34,24.4,42.2,0,64
09:45:39,24.5,42.1,0,63
09:45:44,24.5,42.1,0,63
09:45:49,24.6,41.9,0,63
09:45:54,24.5,42,0,62
09:45:59,24.6,41.7,0,61
09:46:04,24.7,41.4,0,62
09:46:10,24.5,41.4,0,60
10:19:29,23.6,44,0,31
10:19:34,23.6,44.1,0,30
10:19:39,23.7,44.1,0,30
10:19:44,23.7,43.9,0,29
10:19:49,23.7,43.8,0,29
10:19:54,3.6,43.7,0,29
10:19:59,23.7,44,0,28
10:20:04,23.7,44,0,28
10:20:09,23.6,43.9,0,29
10:20:14,23.7,43.8,0,29
10:20:19,23.8,43.9,0,28
10:20:24,23.8,43.6,0,29
10:20:29,23.8,43.6,0,27
10:20:34,23.8,44.1,0,26
10:20:39,23.8,44,20,25
10:20:44,23.8,43.7,24,24
10:20:49,23.9,43.5,26,24
10:20:54,23.8,43.6,27,23
10:20:59,23.9,43.5,27,23
10:21:04,23.9,43.6,28,22
10:21:09,23.9,43.9,28,22
10:21:14,23.9,43.9,28,20
10:21:19,23.9,43.8,28,20
10:21:24,24,43.5,29,19
10:21:29,23.9,43.3,29,19
10:21:34,23.9,43.2,29,19
10:21:44,23.9,43.1,29,19
10:21:49,23.9,43.1,29,18
10:21:54,24,43,29,18
10:21:59,23.9,42.5,29,18
10:22:15,24,42.7,29,17
10:22:20,24,42.9,29,17
10:22:25,23.9,42.6,29,17
10:22:30,23.9,42.6,30,18
10:22:35,24,42.7,29,18
10:22:40,23.8,42.8,29,19
10:22:45,23.8,42.7,30,18
10:22:50,23.8,42.8,29,18
10:22:55,24,43,30,19
10:23:00,23.9,43.1,30,18
10:23:05,23.8,43.2,29,18
10:23:10,23.9,43.2,29,18
10:23:15,23.9,43.1,30,18
10:23:20,24,43.1,30,18
10:23:25,24,43.2,30,18
10:23:30,24,43,30,17
10:23:35,24,42.9,30,18
10:23:40,24,42.7,30,17
10:23:45,24,42.5,30,16
10:23:50,24,42.5,30,17
10:23:55,24,42.5,30,18
10:24:00,23.9,42.5,30,16
10:24:05,24,42.5,30,17
10:24:10,23.9,42.7,30,17
10:24:15,23.9,42.7,0,17
10:24:20,23.9,42.7,0,17
10:24:25,23.9,42.9,0,17
10:24:30,24.1,43,0,17
10:24:35,23.9,43.1,0,17
10:24:40,24.1,43.1,0,16
10:24:45,24,42.9,0,17
10:24:50,24.1,42.7,0,27
10:24:55,24,46.5,0,25
10:25:00,24.1,45.9,0,24
10:25:05,24.2,45.1,0,22
10:25:10,24.2,44.2,0,21
10:25:15,4.3,43.3,0,21
10:25:20,4.2,43,0,20
10:25:25,24.2,42.8,0,20
10:25:30,24.2,42.6,0,20
10:25:36,24.3,42.5,0,20
10:25:41,24.2,42.5,0,20
10:25:46,24.3,42.4,0,19
10:25:51,24.2,42.5,0,19
10:25:56,24.3,42.4,0,19
10:26:01,24.3,42.4,0,19
10:26:06,24.3,42.3,0,19
10:26:11,24.3,42.2,0,18
10:26:16,24.4,42.2,0,19
10:26:21,24.3,41.9,0,18
10:26:26,24.3,41.6,0,19
10:26:31,24.4,41.6,0,18
10:26:36,24.3,41.7,0,20
10:26:41,24.3,41.7,0,19
10:26:46,24.4,41.6,0,19
10:26:51,24.3,41.4,0,19
10:26:56,24.4,41.1,0,18
10:27:01,24.3,41.1,0,19
10:27:06,24.3,41.1,0,19
10:27:11,24.3,41.2,0,20
10:27:16,24.3,41.3,0,19
10:27:21,24.3,41.3,0,20
10:27:26,4.3,41.4,0,19
10:27:31,24.3,41.4,0,19
10:27:36,24.3,41.4,0,19
10:27:41,24.3,41.6,0,20
10:27:46,24.3,41.7,0,20
10:27:51,24.4,41.8,0,20
10:27:56,24.3,41.7,0,19
10:28:01,24.4,41.2,0,20
10:28:06,24.3,41.2,0,20
10:28:11,24.3,41.2,0,20
10:28:16,24.3,41.3,0,21
10:28:21,24.3,41.7,0,19
10:28:26,24.3,41.8,0,21
10:28:31,24.4,41.7,0,20
10:28:36,24.3,41.6,0,21
11:43:17,23.2,47.9,9,18
11:43:21,23.1,48.1,9,18
11:43:26,23.2,48.4,9,18
11:43:31,23.2,48.2,9,18
11:43:36,23.2,48,9,17
11:43:42,23.2,47.7,9,17
11:43:47,3.2,47.5,9,18
11:43:52,23.2,47.7,10,17
11:43:57,23.1,48,9,18
11:44:02,23.1,48.1,8,17
11:44:07,23.2,48,9,17
11:44:12,23.2,47.9,9,16
11:44:17,23.1,47.8,9,17
11:44:22,23.1,47.8,8,17
11:44:27,23.2,48,9,18
11:44:32,23.1,48.1,9,17
11:44:37,23.1,48.1,9,18
11:44:42,23.1,48,10,16
11:44:47,23.1,47.8,18,14
11:44:52,23.2,47.6,17,14
11:44:57,23.2,47.5,16,15
11:45:02,23.1,47.7,16,14
11:45:07,23.1,47.5,16,17
11:45:12,23.1,47.4,16,12
11:45:17,23.2,47.3,7,19
11:45:22,3.1,47.4,8,21
11:45:27,23.2,47.5,0,17
11:45:32,23,47.9,0,18
11:45:37,23.2,48,0,18
11:45:42,23.1,48.1,0,17
11:45:47,3.2,47.9,0,17
11:45:52,23.1,47.7,0,16
11:45:57,23.2,47.4,0,17
11:46:02,23.2,47.5,0,17
11:46:07,23.2,47.7,0,17
11:46:12,23.2,47.8,0,15
11:46:17,23.3,47.7,0,16
11:46:22,23.2,47.5,0,16
11:46:27,23.3,47.1,0,17
11:46:32,23.2,47.1,0,16
11:46:37,23.3,47.1,0,17
11:46:42,23.2,47.3,0,17
11:46:47,23.2,47.3,0,16
11:46:52,23.3,46.9,0,16
11:46:57,23.4,46.7,0,16
11:47:03,23.2,46.8,0,16
11:47:08,23.3,46.7,0,16
11:47:13,23.3,46.9,0,16
11:47:18,23.4,46.9,0,17
11:47:23,23.4,46.7,0,15
11:47:28,23.4,46.5,0,15
11:47:33,23.2,46.4,0,15
11:47:38,23.4,46.3,0,16
11:47:43,23.4,46.4,0,15
11:47:48,23.3,46.6,0,16
11:47:53,23.4,46.7,0,16
11:47:58,23.3,46.4,0,16
11:48:03,23.3,46,0,15
11:48:08,23.3,46,0,16
11:48:13,23.2,46.2,0,16
11:48:18,23.2,46.4,0,16
11:48:23,23.2,46.6,0,16
11:48:28,23.2,46.6,0,15
11:48:33,23.2,46.6,0,14
11:48:38,23.2,46.3,0,14
11:48:43,23.2,46.6,0,14
11:48:48,3.3,46.8,0,15
11:48:53,23.2,47,0,15
11:48:58,23.3,46.9,0,15
11:49:03,23.3,46.7,0,15
11:49:08,23.2,46.5,0,14
11:49:13,23.3,46.2,0,15
11:49:18,23.3,46.3,0,15
11:49:23,23.2,46.6,0,15
11:49:28,23.4,46.5,0,14
11:49:33,23.2,46.5,0,15
11:49:38,23.4,46.1,0,15
11:49:43,23.2,45.7,0,14
11:49:48,23.2,45.9,0,15
11:49:53,23.2,46.2,0,15
11:49:58,23.2,46.5,0,15
11:50:03,23.2,46.5,0,14
11:50:08,23.2,46.2,0,15
11:50:13,23.1,46.1,0,15
11:50:18,23.1,46,0,15
11:50:24,23.1,46.1,0,15
11:50:29,23.1,46.4,0,15
11:50:34,23.1,46.5,0,15
11:50:39,23.2,46.6,0,14
11:50:44,23.2,46.4,0,15
11:50:49,23.1,45.9,0,15
11:50:54,23.1,45.9,0,16
11:50:59,23.2,46.1,0,14
11:51:04,23.1,46.3,0,15
11:51:09,23.2,46.3,0,15
11:51:14,23.1,46.1,0,16
11:51:19,23.1,45.6,0,15
11:51:24,23,45.6,0,16
11:51:29,23,45.7,0,16
11:51:34,23,46,0,16
11:51:39,23,46.1,0,15
11:51:44,23,45.9,0,15
11:51:49,23,46,0,15
11:51:54,22.9,45.9,0,16
11:51:59,23,46,0,16
11:52:04,22.9,46.4,0,15
11:52:09,22.9,46.6,0,15
11:52:14,2.9,46.7,0,16
11:52:19,22.9,46.7,0,15
11:52:24,22.9,46.3,0,15
11:52:29,2.9,46.2,0,16
11:52:34,22.9,46.5,0,16
11:52:39,22.9,46.8,16,17
11:52:44,22.9,46.9,15,16
11:52:49,23,47,14,16
11:52:54,22.8,46.6,14,15
11:52:59,23,46.5,13,16
11:53:04,22.9,46.4,14,17
11:53:09,23,46.6,13,15
11:53:14,22.9,46.7,13,15
11:53:19,2.9,46.7,13,15
11:53:24,22.9,46.6,12,16
11:53:29,22.9,46.5,13,16
11:53:34,22.9,46.6,12,16
11:53:39,22.9,46.8,12,16
11:53:45,22.9,47,12,16
11:53:50,22.9,47.1,11,16
11:53:55,22.9,47.2,12,16
11:54:00,3,47,11,16
11:54:05,22.9,46.7,11,16
11:54:10,22.9,46.8,11,16
11:54:15,22.9,47.1,11,16
11:54:20,23,47.4,11,16
11:54:25,22.9,47.5,11,16
11:54:30,3,47.4,11,16
11:54:35,22.9,47,11,17
11:54:40,22.9,46.8,11,16
11:54:45,22.9,46.9,10,17
11:54:50,23,47.2,9,16
11:54:55,22.9,47.2,9,16
11:55:00,23,47.2,10,16
11:55:05,22.9,47.1,7,20
11:55:10,23,47,7,20
11:55:15,22.9,47.1,7,19
11:55:20,23,47.2,7,20
11:55:25,22.9,47.3,6,19
11:55:30,23,47.3,5,18
11:55:35,23,46.8,6,18
11:55:40,23,46.5,6,19
11:55:45,22.9,46.6,6,19
11:55:50,23,46.9,6,19
11:55:55,22.9,47.3,5,19
11:56:00,22.9,47.4,6,19
11:56:05,23,47.5,5,16
11:56:10,23,47.4,4,21
11:56:15,22.9,47.3,5,21
11:56:20,22.9,47.7,5,20
11:56:25,23,48,6,20
11:56:30,22.9,48.1,5,20
11:56:35,22.9,48,6,19
11:56:40,23,47.7,6,20
11:56:45,23,47.7,5,19
11:56:50,22.9,47.6,5,20
11:56:55,22.9,48,4,21
11:57:00,23,48.4,4,21
11:57:06,23,48.6,4,21
11:57:11,23,48.7,4,21
11:57:16,22.9,48.2,4,22
11:57:21,23,47.8,3,24
11:57:26,23,48,3,22
11:57:31,22.9,48.2,2,23
11:57:36,23,48.5,5,23
11:57:41,22.9,48.6,3,23
11:57:46,23,48.5,3,23
11:57:51,22.9,48.1,3,23
11:57:56,23,47.9,3,24
11:58:01,23,48.3,2,24
11:58:06,23,48.7,3,23
11:58:11,23,48.8,2,23
11:58:16,22.9,48.7,3,23
11:58:21,23,48.4,2,23
11:58:26,23,48.2,2,23
11:58:31,23,48.1,2,23
11:58:36,22.9,48.3,2,23
11:58:41,23,48.6,2,23
11:58:46,22.9,48.8,2,22
11:58:51,23,48.7,2,22
11:58:56,22.9,47.9,2,23
11:59:01,22.9,47.6,1,23
11:59:06,22.9,47.9,1,24
11:59:11,23,48.2,2,23
11:59:16,22.9,48.5,1,23
11:59:21,23,48.5,1,21
11:59:26,23,47.8,1,23
11:59:31,22.9,47.5,2,22
11:59:36,22.9,47.7,2,23
11:59:41,22.8,48,1,23
11:59:46,22.8,48.3,1,22
11:59:51,22.8,48.4,1,22
11:59:56,22.9,48.3,1,22
12:00:01,22.9,48.3,1,23
12:00:06,22.9,48.3,1,21
12:00:11,22.9,48.4,1,22
12:00:16,23,48.5,2,22
12:00:21,23,48.5,0,21
12:00:26,23.1,48.3,0,22
12:00:32,23,47.9,0,23
12:00:37,23,47.6,0,23
12:00:42,23,47.7,0,24
12:00:47,22.9,47.9,0,24
12:00:52,23.1,48.1,0,23
12:00:57,23.1,48.3,0,24
12:01:02,23.2,48.2,0,24
12:01:07,23.1,48,0,24
12:01:12,23.1,47.7,0,26
12:01:17,23,48.2,0,25
12:01:22,23.2,48.5,0,24
12:01:27,23,48.5,0,23
12:01:32,23,48.3,0,23
12:01:37,23.1,48,0,23
12:01:42,23,47.9,0,25
12:01:47,23,48.1,0,24
12:01:52,23,48.2,0,23
12:01:57,23.1,48.3,0,23
12:02:02,23.1,48.4,1,23
12:02:07,23.1,48.1,1,23
12:02:12,23.1,47.7,0,23
12:02:17,23.1,47.7,0,23
12:02:22,23.1,48,0,23
12:02:27,23.1,48.2,0,24
12:02:32,23.2,48.3,0,23
12:02:37,23,48.5,0,23
12:02:42,23,48,0,22
12:02:47,23,47.4,0,23
12:02:52,23,47.6,0,24
12:02:57,23,48,0,24
12:03:02,23,48.3,0,23
12:03:07,23,48.4,0,23
12:03:12,23,48.2,0,23
12:03:17,22.9,47.9,0,24
12:03:22,23,48,0,22
12:03:27,22.9,48,0,23
12:03:32,23,48.2,0,23
12:03:37,23,48.3,0,23
12:03:42,23,48.4,0,22
12:03:53,23,47.6,0,23
12:03:58,23,47.6,0,23
12:04:03,22.9,47.8,0,23
12:04:08,23,48.1,0,23
12:04:13,23,48.3,0,23
12:04:18,23,48.1,0,22
12:04:23,22.9,47.4,0,23
12:04:28,23,47.3,0,23
12:04:33,22.9,47.6,0,23
12:04:38,22.9,48,0,23
12:04:43,23,48.2,0,23
12:04:48,23,48.3,0,23
12:04:53,22.9,47.9,0,22
12:04:58,22.9,47.6,0,21
12:05:03,22.8,47.7,0,22
12:05:08,22.9,48,0,23
12:05:13,22.9,48.3,0,23
12:05:18,22.9,48.4,0,22
12:05:23,23,48.2,0,21
12:05:28,22.9,47.7,0,23
12:05:33,22.9,47.7,0,23
12:05:38,22.9,47.9,0,23
12:05:43,22.9,48.2,0,23
12:05:48,22.9,48.4,0,23
12:05:53,22.9,48.5,0,23
12:05:58,23,48.3,0,23
12:06:03,22.9,48.2,0,22
12:06:08,22.9,48.1,0,23
12:06:13,22.9,48.2,0,23
12:06:18,22.9,48.3,0,22
12:06:23,23,48,0,23
12:06:28,22.9,47.7,0,22
12:06:33,23,47.6,0,22
12:06:38,22.9,47.5,0,22
12:06:43,22.9,47.9,0,23
12:06:48,22.9,48.3,0,22
12:06:53,22.9,48.7,0,22
12:06:58,22.9,48.9,0,21
12:07:03,23,48.4,0,22
12:07:08,22.9,47.9,0,22
12:07:14,22.9,48.2,0,23
12:07:19,22.8,48.4,0,21
12:07:24,22.9,48.5,0,22
12:07:29,22.9,48.7,0,22
12:07:34,22.9,48.5,0,22
12:07:39,22.8,47.9,0,22
12:07:44,22.8,47.7,0,23
12:07:49,22.7,48.1,0,22
12:07:54,22.7,48.4,0,23
12:07:59,22.9,48.4,0,22
12:08:04,22.9,48.5,0,22
12:08:09,22.8,48.2,0,22
12:08:14,22.7,48.2,0,22
12:08:19,22.8,48,0,22
12:08:24,22.8,48.2,0,22
12:08:29,22.8,48.4,0,22
12:08:34,22.9,48.6,0,21
12:08:39,22.8,48.5,0,22
12:08:44,22.9,48.1,0,21
12:08:49,22.9,47.9,0,22
12:08:54,22.9,47.9,0,22
12:08:59,22.8,48.2,0,22
12:09:04,22.9,48.3,0,22
12:09:09,22.8,48.2,0,21
12:09:14,22.9,48,0,21
12:09:19,22.8,47.6,0,22
12:09:24,22.8,47.6,0,22
12:09:29,22.7,48,0,22
12:09:34,22.9,48.2,0,21
12:09:39,22.8,48.2,0,21
12:09:44,22.9,48.1,0,21
12:09:49,22.8,47.9,0,21
12:09:54,22.8,47.5,0,21
12:09:59,22.8,47.6,0,21
12:10:04,22.9,48,0,22
12:10:09,22.7,48.4,0,22
12:10:14,22.8,48.6,0,22
12:10:19,22.7,48.5,0,21
12:10:24,22.9,48.1,0,21
12:10:29,22.7,48.2,0,21
12:10:35,22.7,48.4,0,21
12:10:40,22.8,48.5,0,21
12:10:45,22.9,48.6,0,21
12:10:50,22.8,48.6,0,21
12:10:55,22.8,48.5,0,21
12:11:00,22.9,48.2,0,21
12:11:05,22.9,48.3,0,21
12:11:10,22.9,48.4,0,21
12:11:15,22.9,48.4,0,20
12:11:20,22.9,48.3,0,21
12:11:25,22.8,48.1,0,21
12:11:30,22.9,48.2,0,21
12:11:35,22.8,48.2,0,21
12:11:40,22.7,48.6,0,22
12:11:45,22.9,48.7,0,21
12:11:50,22.9,48.9,0,20
12:11:55,22.9,48.5,0,20
12:12:00,22.9,48.1,0,20
12:12:05,22.9,47.8,0,20
12:12:10,22.9,47.9,0,21
12:12:15,22.9,48.2,0,20
12:12:20,22.9,48.3,0,20
12:12:25,22.9,48.1,0,20
12:12:30,22.8,47.5,0,20
12:12:35,22.8,47.1,0,20
12:12:40,22.8,47.4,0,21
12:12:45,22.8,47.7,0,20
12:12:50,22.7,48.1,0,20
12:12:55,22.7,48.3,0,20
12:13:00,22.8,48.1,0,20
12:13:05,22.8,47.8,0,20
12:13:10,22.8,47.3,0,20
12:13:15,22.8,47.2,0,19
12:13:20,22.8,47.4,0,20
12:13:25,22.7,47.7,0,19
12:13:30,22.7,47.7,0,19
12:13:35,22.7,47.4,0,20
12:13:40,22.6,47.1,0,19
12:13:45,22.7,47.2,0,20
12:13:50,22.7,47.4,0,20
12:13:55,22.6,47.6,0,20
12:14:01,22.7,47.7,0,19
12:14:06,22.8,47.6,0,19
12:14:11,22.6,47,0,19
12:14:16,22.5,46.8,0,20
12:14:21,22.6,47,0,20
12:14:26,22.6,47.4,0,19
12:14:31,22.5,47.5,0,19
12:14:36,22.6,47.2,0,19
12:14:41,22.5,47.4,0,19
12:14:46,22.5,47.5,0,20
12:14:51,22.4,47.6,0,19
12:14:56,22.5,47.9,0,19
12:15:01,22.5,48.2,0,20
12:15:06,22.5,48.5,0,20
12:15:11,22.5,48.3,0,19
12:15:16,22.5,47.5,0,19
12:15:21,22.4,47.3,0,20
12:15:26,22.5,47.6,0,20
12:15:31,22.4,47.8,0,20
12:15:36,22.5,48.1,0,19
12:15:41,22.5,48.1,0,19
12:15:46,22.5,47.5,0,18
12:15:51,22.5,47.2,0,21
12:15:56,22.4,47.3,0,19
12:16:01,22.4,47.6,0,20
12:16:06,22.3,48,0,19
12:16:11,22.4,47.9,0,18
12:16:16,22.4,47.7,0,18
12:16:21,22.4,47.5,0,18
12:16:26,22.4,47.3,0,18
12:16:31,22.3,47.4,0,18
12:16:36,22.5,47.7,0,19
12:16:41,22.5,48,0,18
12:16:46,22.5,48.1,0,18
12:16:51,22.5,47.7,0,18
12:16:56,22.5,47.3,0,19
12:17:01,22.4,47.4,0,19
12:17:06,22.4,47.8,0,18
12:17:11,22.3,48.1,0,18
12:17:16,22.3,48.2,0,19
12:17:22,22.5,48.2,0,18
12:17:27,22.4,47.7,0,19
12:17:32,22.4,47.4,0,18
12:17:37,22.5,47.6,0,19
12:17:42,22.5,48,0,18
12:17:47,22.4,48.2,0,18
12:17:52,22.5,48.1,0,18
12:17:57,22.5,47.7,0,18
12:18:02,22.3,47.3,0,18
12:18:07,22.4,47.3,0,18
12:18:12,22.5,47.6,0,18
12:18:17,22.4,47.8,0,18
12:18:22,22.4,48,0,18
12:18:27,22.4,47.7,0,18
12:18:32,22.4,47.3,0,18
12:18:37,22.5,47,0,18
12:18:42,22.4,47.2,0,19
12:18:47,22.3,47.4,0,17
12:18:52,22.4,47.6,0,18
12:18:57,22.4,47.6,0,18
12:19:02,22.3,47.3,0,17
12:19:07,22.5,47.2,0,18
12:19:12,22.5,47.3,0,18
12:19:17,22.5,47.6,0,18
12:19:22,22.4,47.9,0,17
12:19:27,22.4,48,0,18
12:19:32,22.5,47.7,0,17
12:19:37,22.5,47.2,0,18
12:19:42,22.5,47,0,18
12:19:47,22.5,47.1,0,17
12:19:52,22.5,47.4,0,18
12:19:57,22.5,47.8,0,17
12:20:02,22.5,47.7,0,17
12:20:07,22.4,47.2,0,17
12:20:12,22.4,46.8,0,17
12:20:17,22.3,47.1,0,18
12:20:22,22.4,47.4,0,18
12:20:27,22.4,47.6,0,15
12:20:32,22.5,47.7,0,17
12:20:37,22.5,47.3,0,17
12:20:43,22.3,47,0,17
12:20:48,22.3,47,0,18
12:20:53,22.5,47.1,0,18
12:20:58,22.4,47.4,0,17
12:21:03,22.5,47.6,0,17
12:21:08,22.5,47.3,0,16
12:21:13,22.3,47,0,16
12:21:18,22.5,46.5,0,17
12:21:23,22.3,46.6,0,16
12:21:28,22.3,47,0,17
12:21:33,22.4,47.3,0,16
12:21:38,22.3,47.3,0,16
12:21:43,22.2,47,0,16
12:21:48,22.2,46.8,0,16
12:21:53,22.3,46.7,0,18
12:21:58,22.3,47.1,0,17
12:22:03,22.3,47.2,0,16
12:22:08,22.4,47.4,0,16
12:22:13,22.4,47.4,0,16
12:22:18,22.3,47,0,17
12:22:23,22.2,46.8,0,17
12:22:28,22.4,47,0,17
12:22:33,22.3,47.4,0,17
12:22:38,22.3,47.6,0,16
12:22:43,22.4,47.5,0,16
12:22:48,22.4,47.3,0,16
12:22:53,22.4,47.1,0,16
12:22:58,22.2,47.1,0,16
12:23:03,22.4,47.2,0,16
12:23:08,22.4,47.4,0,17
12:23:13,22.3,47.6,0,16
12:23:18,22.5,47.7,0,17
12:23:23,22.4,47.3,0,16
12:23:28,22.5,46.8,0,16
12:23:33,22.4,46.8,0,16
12:23:38,22.5,47,0,17
12:23:43,22.4,47.3,0,16
12:23:48,22.5,47.4,0,16
12:23:53,22.4,47.3,0,16
12:23:58,22.4,47,0,17
12:24:03,22.4,46.5,0,17
12:24:09,22.3,46.6,0,17
12:24:14,22.5,46.9,0,16
12:24:19,22.4,47.2,0,16
12:24:24,22.4,47,0,16
12:24:29,22.4,46.6,0,16
12:24:34,22.4,46.1,0,16
12:24:39,22.4,46,0,16
12:24:44,22.4,46.2,0,16
12:24:49,22.4,46.5,0,16
12:24:54,22.3,46.8,0,16
12:24:59,22.5,46.9,0,15
12:25:04,22.5,46.4,0,16
12:25:09,22.5,46.4,0,16
12:25:14,22.3,46.7,0,16
12:25:19,22.5,46.9,0,16
12:25:24,22.5,47.1,0,16
12:25:29,22.5,47.3,0,16
12:25:34,22.4,47,0,16
12:25:39,22.4,46.3,0,16
12:25:44,22.4,46.2,0,16
12:25:49,22.5,46.5,0,17
12:25:54,22.3,46.8,0,17
12:25:59,22.4,46.7,0,16
12:26:04,22.5,46.5,0,16
12:26:09,22.4,46.3,0,16
12:26:14,22.3,46,0,16
12:26:19,22.3,46.3,0,16
12:26:24,22.2,46.7,0,16
12:26:29,22.3,46.8,0,17
12:26:34,22.4,46.8,0,16
12:26:39,22.4,46.6,0,16
12:26:44,22.2,46.2,0,16
12:26:49,22.4,46.2,0,16
12:26:54,22.2,46.5,0,16
12:26:59,22.3,46.6,0,17
12:27:04,22.4,46.8,0,16
12:27:09,22.4,46.6,0,16
12:27:14,22.4,46.4,0,16
12:27:19,22.4,46.2,0,17
12:27:25,22.4,46.4,0,16
12:27:30,22.3,46.7,0,17
12:27:35,22.3,46.7,0,17
12:27:40,22.4,46.7,0,16
12:27:45,22.4,46.4,0,16
12:27:50,22.3,46.1,0,16
12:27:55,22.4,46.1,0,17
12:28:00,22.4,46.3,0,16
12:28:05,22.4,46.5,0,16
12:28:10,22.5,46.6,0,16
12:28:15,22.4,46.3,0,16
12:28:20,22.4,45.9,0,16
12:28:25,22.3,45.8,0,16
12:28:30,22.3,45.9,0,17
12:28:35,22.3,46.2,0,16
12:28:40,22.3,46.4,0,15
12:28:45,22.3,46.4,0,15
12:28:50,22.3,46.2,0,16
12:28:55,22.3,46,0,15
12:29:00,22.3,46,0,16
12:29:05,22.3,46.2,0,16
12:29:10,22.4,46.4,0,16
12:29:15,22.4,46.5,0,15
12:29:20,22.5,46.3,0,15
12:29:25,22.5,46.2,0,15
12:29:30,22.5,46.1,0,16
12:29:35,22.4,46.3,0,15
12:29:40,22.4,46.4,0,15
12:29:45,22.4,46.6,0,15
12:29:50,22.4,46.7,0,15
12:29:55,22.5,46.6,0,15
12:30:00,22.5,46.4,0,16
12:30:05,22.4,46.5,0,16
12:30:10,22.4,46.8,0,16
12:30:15,22.5,46.9,0,16
12:30:20,22.5,47.2,0,16
12:30:25,22.5,47.3,0,15
12:30:30,22.5,47,0,16
12:30:35,22.4,46.9,0,16
12:30:40,22.4,47.1,0,16
12:30:45,22.6,47.2,0,16
12:30:51,22.6,47.3,0,15
12:30:56,22.6,47.3,0,11
12:31:01,22.6,46.9,0,15
12:31:06,22.5,46.9,0,15
12:31:11,22.4,46.9,0,16
12:31:16,22.5,47.2,0,16
12:31:21,22.6,47.3,0,16
12:31:26,22.5,47.6,0,15
12:31:31,22.6,47.6,0,15
12:31:36,22.6,47,0,15
12:31:41,22.6,46.7,0,16
12:31:46,22.5,47,0,16
12:31:51,22.5,47.4,0,16
12:31:56,22.6,47.4,0,15
12:32:01,22.5,47.7,0,15
12:32:06,22.5,47.5,0,15
12:32:11,22.6,47,0,15
12:32:16,22.5,46.9,0,21
12:32:21,22.7,49.4,0,24
12:32:26,22.9,57.7,0,33
12:32:31,23.1,65.5,0,26
12:32:36,23.6,71.3,0,21
12:32:41,24,75.2,0,23
12:32:46,24.4,71,0,23
12:32:51,24.4,63.8,0,24
12:32:56,24.6,59,0,24
12:33:01,24.6,56,0,24
12:33:06,24.8,53.4,0,24
12:33:11,24.7,48.6,0,23
12:33:16,24.6,46.6,0,24
12:33:21,24.7,45.7,0,25
12:33:26,24.5,45.8,0,26
12:33:31,24.5,45.9,0,26
12:33:36,24.4,46,0,26
12:33:41,24.5,45.7,0,25
12:33:46,24.4,45,0,25
12:33:51,24.3,44.1,0,25
12:33:56,24.3,44.2,0,26
12:34:01,24.2,44.6,0,26
12:34:06,24.1,45,0,25
12:34:11,24.1,44.8,0,25
12:34:17,24,44.4,0,25
12:34:22,23.8,44,0,25
12:34:27,23.8,43.8,0,25
12:34:32,23.8,44,0,25
12:34:37,23.8,44.4,0,25
12:34:42,23.8,44.7,0,25
12:34:47,23.5,44.8,0,25
12:34:52,23.6,44.3,0,26
12:34:57,23.4,44.4,0,26
12:35:02,23.5,44.7,0,27
12:35:07,23.4,45.2,0,27
12:35:12,23.4,45.7,0,27
12:35:17,23.4,45.9,0,27
12:35:22,23.3,45.6,0,24
12:35:27,23.4,45,0,27
12:35:32,23.4,44.9,0,27
12:35:37,23.2,45.2,0,27
12:35:42,23.2,45.5,0,26
12:35:47,23.2,45.6,0,27
12:35:52,23.2,45.3,0,26
12:35:57,23,45.1,0,26
12:36:02,23,45.2,0,26
12:36:07,22.9,45.3,0,26
12:36:12,22.9,45.7,0,27
12:36:17,23,46,0,26
12:36:22,22.9,46.5,0,25
12:36:27,22.8,45.9,0,26
12:36:32,22.8,45.5,0,25
12:36:37,22.7,45.6,0,26
12:36:42,22.7,45.8,0,25
12:36:47,22.7,46.2,0,26
12:36:52,22.7,46.3,0,26
12:36:57,22.7,46.1,0,26
12:37:02,22.6,45.8,0,26
12:37:07,22.6,45.9,0,26
12:37:12,22.5,46.1,0,27
12:37:17,22.6,46.3,0,26
12:37:22,22.6,46.5,0,25
12:37:27,22.5,46.5,0,25
12:37:33,22.6,46,0,25
12:37:38,22.4,45.6,0,26
12:37:43,22.3,45.7,0,25
12:37:48,22.4,46,0,25
12:37:53,22.4,46.4,0,25
12:37:58,22.3,46.6,0,25
12:38:03,22.5,46.6,0,25
12:38:08,22.4,46,0,25
12:38:13,22.3,45.9,0,25
12:38:18,22.3,46.3,0,25
12:38:23,22.3,46.7,0,25
12:38:28,22.3,46.8,0,26
12:38:33,22.3,46.9,0,25
12:38:38,22.3,46.7,0,25
12:38:43,22.3,46.1,0,24
12:38:48,22.1,46.2,0,25
12:38:53,22.2,46.6,0,26
12:38:58,22.1,46.8,0,26
12:39:03,22.2,47,0,27
12:39:08,22.2,46.8,0,26
12:39:13,22.2,46.5,0,26
12:39:18,22.1,46.5,0,26
12:39:23,22.1,46.5,0,26
12:39:28,22.1,46.7,0,27
12:39:33,22.1,46.9,0,26
12:39:38,22.1,47,0,27
12:39:43,22.2,47,0,27
12:39:48,22,47.2,0,28
12:39:53,22.1,47,0,27
12:39:58,22.1,47.2,0,27
12:40:03,22.2,47.3,0,28
12:40:08,22.1,47.5,0,28
12:40:13,22.2,47.5,0,28
12:40:18,22.3,47,0,28
11:56:43,25.3,33.6,0,72
11:56:48,25.4,33.9,0,69
11:56:53,25.4,34,0,67
11:56:58,25.4,34.2,0,64
11:57:03,25.6,33.7,0,61
11:57:08,25.6,33.6,0,60
11:57:13,25.6,33.3,0,58
11:57:18,25.7,33.1,0,57
11:57:23,25.8,33,0,57
11:57:28,25.8,33,0,56
11:57:33,25.7,32.9,0,54
11:57:38,25.9,32.8,0,56
11:57:43,25.8,32.8,0,53
11:57:48,25.9,32.9,0,53
11:57:53,25.8,32.7,0,54
11:57:58,26,32.6,0,51
11:58:03,25.9,32.5,0,53
11:58:08,25.9,32.3,0,51
11:58:13,25.9,32.4,0,51
11:58:18,26.1,38.9,0,51
11:58:23,26.2,59.2,0,50
11:58:33,26.4,56.2,0,50
11:58:38,26.6,49.7,0,49
11:58:43,26.6,45.2,0,48
11:58:48,26.6,42.1,0,50
11:58:53,26.6,40.1,0,48
11:58:58,26.5,38.6,0,49
11:59:03,26.5,37.5,0,48
11:59:08,26.5,36.8,0,48
11:59:13,26.6,36.1,0,48
11:59:18,26.5,35.5,0,47
11:59:23,26.5,35.2,0,47
11:59:28,26.6,35.1,0,46
11:59:33,26.6,35,0,46
11:59:38,26.6,34.9,0,46
11:59:43,26.7,34.6,0,46
11:59:48,26.7,34.6,0,45
11:59:53,26.6,34.7,0,45
11:59:58,26.6,34.6,0,44
12:00:03,26.6,34.5,0,45
12:00:08,26.7,34.2,0,43
12:00:13,26.6,34,0,44
12:00:18,26.6,33.8,0,45
12:00:23,26.7,33.8,0,45
12:00:28,26.7,33.8,0,44
12:00:33,26.7,33.8,0,44
12:00:38,26.6,33.8,0,45
12:00:43,26.7,33.9,0,46
12:00:48,26.6,34.1,0,45
12:00:53,26.6,34,0,45
12:00:58,26.7,33.8,0,44
12:01:03,26.7,33.8,0,44
12:01:08,26.7,33.8,0,44
12:01:13,26.6,33.8,0,43
12:01:18,26.7,33.8,0,43
12:01:23,26.7,33.5,0,44
12:01:28,26.6,33.5,0,43
12:01:33,26.6,33.3,0,43
12:01:38,26.6,33.3,0,43
12:01:43,26.7,33.4,0,43
12:01:48,26.8,33.3,0,44
12:01:53,26.8,33.8,53,45
12:01:58,26.7,33.9,50,45
12:02:03,26.8,33.7,49,45
12:02:08,26.7,33.5,47,45
12:02:13,26.8,33,46,44
12:02:18,26.7,33.2,46,46
12:02:23,26.7,33,45,45
12:02:28,26.8,32.9,44,44
12:02:33,26.7,33.1,45,45
12:02:38,26.8,33,44,46
12:02:43,26.7,33.4,45,47
12:02:48,26.8,33.4,45,46
12:02:53,26.7,33.3,45,46
12:02:58,26.8,33.2,44,46
12:03:03,26.8,33.1,44,46
12:03:08,26.8,33.2,45,45
12:03:13,26.7,33.4,44,46
12:45:19,25,42.6,45,70
12:45:24,25.8,44.8,45,69
12:45:29,25.8,44.9,44,68
12:45:34,5.8,44.8,45,65
12:45:39,25.9,44.7,45,67
12:45:44,25.9,44.4,45,64
12:45:49,25.9,44.3,45,64
12:45:54,25.9,44.3,45,61
12:45:59,6,44.4,45,61
12:46:04,26,44.6,45,61
12:46:09,25.9,44.6,45,61
12:46:14,26,44.4,45,62
12:46:19,26.1,44.4,45,60
12:46:24,26.2,44.5,46,59
12:46:29,26,44.5,45,59
12:46:34,26.2,44.6,45,57
12:46:39,26.2,44.5,45,59
12:46:44,26.2,44.4,45,58
12:46:49,26.2,44.4,45,59
12:46:54,26.2,44.3,45,57
12:46:59,26.2,44.4,46,56
12:47:04,26.3,44.3,45,57
12:47:09,26.4,44.3,45,56
12:47:14,6.2,44.2,45,54
12:47:19,26.4,44,46,54
12:47:24,26.3,44,46,55
12:47:29,26.2,44,45,55
12:47:34,26.5,43.5,46,54
12:47:39,26.3,43.5,45,54
12:47:44,26.3,43.4,46,53
12:47:49,26.5,43.4,45,53
12:47:54,26.4,43.4,45,52
12:47:59,26.5,43.4,45,53
12:48:04,26.5,43.5,45,53
12:48:09,26.5,43.6,45,53
12:48:14,26.6,43.6,46,53
12:48:19,26.5,43.6,45,51
12:48:24,26.5,43.5,46,53
12:48:29,26.5,43.4,46,51
12:48:34,26.5,43.2,45,50
12:48:39,6.5,43.3,46,50
12:48:44,26.6,43.3,45,51
12:48:49,26.7,43.2,45,51
12:48:54,6.5,43,45,50
12:48:59,26.6,42.9,45,49
12:49:04,26.6,42.8,45,50
12:49:09,26.7,42.9,46,50
12:49:14,26.7,42.8,46,48
12:49:19,26.6,52.7,46,50
12:49:24,26.8,54.3,46,47
12:49:29,26.8,50.7,45,47
12:49:34,27,47.7,46,48
12:49:39,27,45.8,46,48
12:49:44,27,44.6,46,49
12:49:49,27.1,43.8,46,48
12:49:54,27,43.2,45,48
12:49:59,27,42.8,45,47
12:50:04,27,42.6,46,46
12:50:09,27,42.5,45,46
12:50:14,27.1,42.4,46,47
12:50:19,26.9,42.4,46,46
12:50:24,27,42.3,45,47
12:50:29,27,42.4,45,46
12:50:34,27,42.2,46,47
12:50:39,27,42.1,46,47
12:50:44,7,42,45,46
12:50:49,26.9,41.9,46,46
12:50:54,26.9,42,45,45
12:50:59,6.9,42,45,46
12:51:04,27,41.7,46,46
12:51:09,26.9,41.8,45,46
12:51:14,26.9,41.7,45,45
12:51:19,27,41.7,46,45
12:51:24,27.5,42,48,50
09:36:42,26.2,55.5,0,10
09:36:47,26.2,55.7,0,10
09:36:52,26.1,55.9,0,10
09:36:57,26.1,55.9,0,10
09:37:02,26.1,55.8,0,10
09:37:07,26.1,56.3,0,10
09:37:12,26.1,56.7,0,10
09:37:17,26.1,56.7,0,10
09:37:22,26.1,56.5,0,11
09:37:27,26.1,56.2,0,10
09:37:32,26.1,56.2,0,11
09:37:37,26.1,56.3,0,11
09:37:42,26.1,55.9,0,11
09:37:47,26.1,55.6,0,10
09:37:52,26.1,55.4,0,10
09:37:57,26.1,55.4,0,10
09:38:02,26.1,55.5,0,10
09:38:07,26.1,55.5,0,10
09:38:12,26.1,55.5,0,10
09:38:17,26.1,55.7,0,10
09:38:22,26.1,56.0,0,11
09:38:27,26.1,56.1,0,11
09:38:32,26.1,56.0,0,11
09:38:37,26.1,55.9,0,11
09:38:42,26.1,56.2,0,11
09:38:47,26.1,56.3,0,11
09:38:52,26.1,56.3,0,11
09:38:57,26.1,56.4,0,11
09:39:02,26.1,56.4,0,11
09:39:07,26.2,56.3,0,11
09:39:12,26.1,55.9,0,11
09:39:17,26.2,55.7,0,11
09:39:22,26.2,55.6,0,13
09:39:27,26.2,55.6,0,12
09:39:32,26.2,55.4,0,12
09:39:37,26.2,55.1,0,12
09:39:42,26.2,55.2,0,13
09:39:47,26.2,55.4,0,13
09:39:52,26.2,55.4,0,14
09:39:57,26.2,55.4,0,10
09:40:02,26.2,55.2,0,9
09:40:07,26.2,55.1,0,9
09:40:12,26.2,55.2,0,9
09:40:17,26.2,55.2,0,9
09:40:22,26.2,55.2,0,9
09:40:27,26.2,55.4,0,10
09:40:32,26.2,55.3,0,9
09:40:37,26.2,55.1,0,9
09:40:42,26.1,54.9,0,10
09:40:47,26.1,54.9,0,9
09:40:52,26.1,54.9,0,9
09:40:57,26.1,54.8,0,9
09:41:02,26.1,54.7,0,9
09:41:07,26.1,54.5,0,9
09:41:12,26.0,54.3,0,9
09:41:17,26.0,54.4,0,8
09:41:22,26.0,54.6,0,9
09:41:27,26.0,54.6,0,9
09:41:32,26.0,55.0,0,9
09:41:37,26.0,55.4,0,9
09:41:42,26.0,55.3,0,9
09:41:47,26.0,55.3,0,9
09:41:52,26.0,55.5,0,10
09:41:57,26.0,55.6,0,9
09:42:02,26.0,55.6,0,9
09:42:07,26.0,55.7,0,10
09:42:12,26.0,55.5,0,10
09:42:17,26.0,55.5,0,9
09:42:22,26.0,55.4,0,10
09:42:27,26.0,55.2,0,9
09:42:32,26.0,54.9,0,9
09:42:37,26.0,54.7,0,10
09:42:42,26.0,54.6,0,9
09:42:47,26.0,54.6,0,9
09:42:52,26.0,54.7,0,8
09:42:57,26.0,54.7,0,9
09:43:02,26.0,54.7,0,9
09:43:07,26.0,54.8,0,9
09:43:12,26.0,55.1,0,9
09:43:17,26.0,55.3,0,8
09:43:22,26.0,55.3,0,9
09:43:27,26.0,55.2,0,9
09:43:32,26.0,55.2,0,9
09:43:37,26.0,55.1,0,9
09:43:42,25.9,55.1,0,9
09:43:47,26.0,55.1,0,9
09:43:52,26.0,55.0,0,9
09:43:57,26.0,54.9,0,9
09:44:02,26.0,54.7,0,9
09:44:07,26.0,54.6,0,10
09:44:12,26.0,54.5,0,9
09:44:17,26.0,54.5,0,9
09:44:22,25.9,54.7,0,10
09:44:27,26.0,54.6,0,10
09:44:32,25.9,54.7,0,9
09:44:37,25.9,54.7,0,9
09:44:42,25.9,54.7,0,9
09:44:47,25.9,55.1,0,9
09:44:52,25.9,55.4,0,9
09:44:57,25.9,55.3,0,10
09:45:02,25.9,55.3,0,5
09:45:07,25.9,55.4,0,6
09:45:12,26.0,55.2,0,5
09:45:17,26.0,55.2,0,5
09:45:22,26.0,55.1,0,5
09:45:27,26.0,54.8,0,5
09:45:32,26.0,54.5,0,5
09:45:37,26.0,54.5,0,4
09:45:42,26.0,54.5,0,5
09:45:47,26.0,54.3,0,5
09:45:52,26.0,54.4,0,5
09:45:57,25.9,54.6,0,5
09:46:02,25.9,54.6,0,4
09:46:07,25.9,54.5,0,4
09:46:12,25.9,54.4,0,4
09:46:17,25.9,54.5,0,5
09:46:22,25.9,54.5,0,5
09:46:27,25.9,54.5,0,5
09:46:32,25.9,54.4,0,5
09:46:37,25.9,54.4,0,6
09:46:42,25.9,54.6,0,7
09:46:47,25.9,54.5,0,5
09:46:52,25.9,54.5,0,4
09:46:57,25.9,54.7,0,4
09:47:02,25.9,54.9,0,4
09:47:07,25.9,54.9,0,5
09:47:12,25.9,54.9,0,6
09:47:17,25.9,54.6,0,7
09:47:22,25.9,54.3,0,5
09:47:27,25.9,54.2,0,5
09:47:32,25.9,54.1,0,5
09:47:37,25.9,54.2,0,5
09:47:42,25.8,54.4,0,5
09:47:47,25.8,54.5,0,5
09:47:52,25.8,54.8,0,5
09:47:57,25.8,54.9,0,5
09:48:02,25.9,54.9,0,5
09:48:07,25.9,54.8,0,5
09:48:12,25.9,54.9,0,4
09:48:17,25.9,55.1,0,4
09:48:22,25.9,55.1,0,4
09:48:27,25.9,55.2,0,4
09:48:32,25.9,55.1,0,4
09:48:37,25.9,55.1,0,4
09:48:42,25.9,55.1,0,5
09:48:47,25.9,55.1,0,5
09:48:52,25.9,55.0,0,4
09:48:57,25.9,55.0,0,4
09:49:02,25.9,55.1,0,4
09:49:07,25.9,55.1,0,5
09:49:12,25.9,55.1,0,4
09:49:17,25.9,55.1,0,5
09:49:22,26.0,55.1,0,4
09:49:27,26.0,55.0,0,5
09:49:32,26.0,54.8,0,5
09:49:37,26.0,54.8,0,4
09:49:42,26.0,55.0,0,5
09:49:47,26.0,55.1,0,5
09:49:52,26.0,55.0,0,8
09:49:57,26.0,54.8,0,6
09:50:02,26.1,55.1,0,6
09:50:07,26.1,54.8,0,6
09:50:12,26.1,54.8,0,6
09:50:17,26.1,54.9,0,5
09:50:22,26.1,55.0,0,5
09:50:27,26.2,54.7,0,5
09:50:32,26.1,54.5,0,5
09:50:37,26.2,54.5,0,5
09:50:42,26.2,54.5,0,6
09:50:47,26.2,54.7,0,6
09:50:52,26.2,54.9,0,5
09:50:57,26.2,55.0,0,5
09:51:02,26.2,54.8,0,5
09:51:07,26.2,54.5,0,5
09:51:12,26.2,54.7,0,5
09:51:17,26.2,52.7,0,5
09:51:22,26.3,55.0,0,4
09:51:27,26.3,54.9,0,5
09:51:32,26.3,54.7,0,5
09:51:37,26.3,54.9,0,5
09:51:42,26.4,54.8,0,6
09:51:47,26.4,54.6,0,5
09:51:52,26.4,54.6,0,5
09:51:57,26.4,54.7,0,5
09:52:02,26.4,54.2,0,5
09:52:07,26.5,53.9,0,5
09:52:12,26.5,53.7,0,5
09:52:17,26.5,53.9,0,10
09:52:22,26.5,53.9,0,8
09:52:27,26.5,53.9,0,14
09:52:32,26.5,53.8,0,10
09:52:37,26.5,53.6,0,10
09:52:42,26.5,53.7,0,8
09:52:47,26.5,53.6,0,8
09:52:52,26.5,53.6,0,8
09:52:57,26.5,54.0,0,8
09:53:02,26.5,54.1,0,8
09:53:07,26.5,54.2,0,10
09:53:12,26.5,54.2,0,7
09:53:17,26.5,54.2,0,7
09:53:22,26.5,54.1,0,7
09:53:27,26.5,54.1,0,7
09:53:32,26.5,54.3,0,7
09:53:37,26.5,54.4,0,8
09:53:42,26.5,54.3,0,8
09:53:47,26.5,54.1,0,10
09:53:52,26.5,54.1,0,10
09:53:57,26.5,54.2,0,10
09:54:02,26.5,54.4,0,10
09:54:07,26.5,54.2,0,10
09:54:12,26.5,54.1,0,10
09:54:17,26.5,54.0,0,10
09:54:22,26.5,53.9,0,5
09:54:27,26.5,53.8,0,6
09:54:32,26.5,54.0,0,4
09:54:37,26.5,54.3,0,5
09:54:42,26.5,54.3,0,6
09:54:47,26.5,54.1,0,9
09:54:52,26.5,54.1,0,16
09:54:57,26.5,54.1,0,15
09:55:02,26.6,54.1,0,15
09:55:07,26.6,54.1,0,16
09:55:12,26.6,54.1,0,15
09:55:17,26.6,54.1,0,15
09:55:22,26.6,54.1,0,16
09:55:27,26.6,54.1,0,15
09:55:32,26.6,54.0,0,15
09:55:37,26.6,54.1,0,16
09:55:42,26.7,54.4,0,15
09:55:47,26.7,54.3,0,15
09:55:52,26.7,54.1,0,15
09:55:57,26.7,54.0,0,14
09:56:02,26.7,53.9,26,14
09:56:07,26.7,53.5,26,14
09:56:12,26.7,53.4,26,15
09:56:17,26.7,53.4,26,15
09:56:22,26.7,53.4,0,16
09:56:27,26.7,53.4,0,16
09:56:32,26.7,53.4,0,15
09:56:37,26.7,53.4,0,14
09:56:42,26.7,53.4,0,15
09:56:47,26.7,53.4,0,15
09:56:52,26.7,53.5,0,14
09:56:57,26.7,53.3,0,15
09:57:02,26.7,53.2,0,16
09:57:07,26.7,53.1,0,13
09:57:12,26.7,53.1,0,15
09:57:17,26.7,53.1,0,14
09:57:22,26.7,53.1,0,14
09:57:27,26.7,53.1,0,14
09:57:32,26.7,53.0,0,15
09:57:37,26.7,53.0,0,16
09:57:42,26.7,53.1,0,12
09:57:47,26.7,53.3,0,12
09:57:52,26.6,53.5,0,12
09:57:57,26.6,53.7,0,12
09:58:02,26.6,53.8,0,16
09:58:07,26.6,53.7,0,13
09:58:12,26.6,53.7,0,12
09:58:17,26.6,53.7,0,13
09:58:22,26.6,53.7,0,11
09:58:27,26.6,53.8,0,13
09:58:32,26.6,53.6,0,12
09:58:37,26.6,53.8,0,12
09:58:42,26.6,53.7,0,15
09:58:47,26.6,53.8,0,11
09:58:52,26.6,54.1,0,11
09:58:57,26.6,54.1,0,11
09:59:02,26.7,53.9,0,11
09:59:07,26.6,53.7,0,11
09:59:12,26.7,53.7,0,12
09:59:17,26.7,53.9,0,10
09:59:22,26.6,54.1,0,10
09:59:27,26.6,54.1,0,10
09:59:32,26.7,54.1,0,10
09:59:37,26.7,53.8,0,10
09:59:42,26.7,53.8,0,10
09:59:47,26.7,53.8,0,10
09:59:52,26.7,53.7,0,9
09:59:57,26.7,53.8,0,10
10:00:02,26.7,54.0,0,10
10:00:07,26.8,53.8,0,9
10:00:12,26.8,53.5,0,9
10:00:17,26.8,53.5,0,10
10:00:22,26.8,53.4,0,9
10:00:27,26.8,53.4,0,9
10:00:32,26.8,53.4,0,9
10:00:37,26.8,53.1,0,10
10:00:42,26.8,52.8,0,10
10:00:47,26.8,52.7,0,10
10:00:52,26.8,52.7,0,10
10:00:57,26.8,53.0,0,10
10:01:02,26.8,53.3,0,10
10:01:07,26.7,53.5,0,10
10:01:12,26.7,53.6,0,11
10:01:17,26.7,53.6,0,11
10:01:22,26.7,53.8,0,10
10:01:27,26.7,53.9,0,11
10:01:32,26.7,53.9,0,11
10:01:37,26.7,53.9,0,12
10:01:42,26.7,54.1,0,12
10:01:47,26.7,54.2,0,12
10:01:52,26.7,54.1,0,11
10:01:57,26.7,54.2,0,12
10:02:02,26.7,54.2,0,12
10:02:07,26.8,54.3,0,12
10:02:12,26.7,54.7,0,13
10:02:17,26.8,54.6,0,12
10:02:22,26.8,54.3,0,12
10:02:27,26.8,54.0,0,13
10:02:32,26.8,54.1,0,12
10:02:37,26.7,54.4,0,13
10:02:42,26.7,54.5,0,13
10:02:47,26.7,54.6,0,13
10:02:52,26.8,54.4,0,13
10:02:57,26.7,54.6,0,13
10:03:02,26.8,54.5,0,13
10:03:07,26.7,54.6,0,14
10:03:12,26.8,54.4,0,13
10:03:17,26.8,54.4,0,13
10:03:22,26.7,54.5,0,14
10:03:27,26.7,54.6,0,13
10:03:32,26.7,54.5,0,13
10:03:37,26.7,54.3,0,13
10:03:42,26.7,54.2,0,13
10:03:47,26.7,54.3,0,13
10:03:52,26.7,54.4,0,13
10:03:57,26.7,54.3,0,13
10:04:02,26.7,54.3,0,13
10:04:07,26.7,54.1,0,13
10:04:12,26.7,54.3,0,13
10:04:17,26.7,54.5,0,13
10:04:22,26.7,54.6,0,13
10:04:27,26.7,54.9,0,14
10:04:32,26.7,55.1,0,14
10:04:37,26.7,55.0,0,13
10:04:42,26.7,55.0,0,13
10:04:47,26.7,54.9,0,13
10:04:52,26.7,54.7,0,13
10:04:57,26.7,54.6,0,13
10:05:02,26.7,54.6,0,13
10:05:07,26.7,54.7,0,13
10:05:12,26.7,54.3,0,12
10:05:17,26.7,54.0,0,13
10:05:22,26.7,54.1,0,13
10:05:27,26.7,54.4,0,13
10:05:32,26.7,54.2,0,12
10:05:37,26.7,54.0,0,12
10:05:42,26.7,53.7,0,12
10:05:47,26.6,53.4,0,13
10:05:52,26.6,53.6,0,12
10:05:57,26.6,54.0,0,14
10:06:02,26.6,54.1,0,13
10:06:07,26.6,54.3,0,13
10:06:12,26.6,54.3,0,13
10:06:17,26.6,54.0,0,13
10:06:22,26.6,54.1,0,13
10:06:27,26.6,54.2,0,13
10:06:32,26.6,54.2,0,13
10:06:37,26.6,54.4,0,13
10:06:42,26.6,54.5,0,13
10:06:47,26.6,54.6,0,13
10:06:52,26.6,54.5,0,13
10:06:57,26.6,54.4,0,13
10:07:02,26.6,54.3,0,12
10:07:07,26.6,54.2,0,12
10:07:12,26.6,54.3,0,12
10:07:17,26.6,54.2,0,12
10:07:22,26.6,54.2,0,13
10:07:27,26.6,54.3,0,12
10:07:32,26.6,54.2,0,13
10:07:37,26.6,54.1,0,12
10:07:42,26.6,54.4,0,12
10:07:47,26.6,54.8,0,12
10:07:52,26.6,54.8,0,12
10:07:57,26.6,54.6,0,11
10:08:02,26.6,54.4,0,12
10:08:07,26.5,54.2,0,12
10:08:12,26.5,54.2,0,12
10:08:17,26.5,54.6,0,12
10:08:22,26.5,54.6,0,12
10:08:27,26.5,54.5,0,12
10:08:32,26.5,54.4,0,12
10:08:37,26.5,54.4,0,12
10:08:42,26.5,54.6,0,13
10:08:47,26.5,54.9,0,12
10:08:52,26.5,54.4,0,12
10:08:57,26.5,54.2,0,12
10:09:02,26.5,54.2,0,12
10:09:07,26.5,54.4,0,11
10:09:12,26.6,54.3,0,12
10:09:17,26.6,54.2,0,11
10:09:22,26.6,54.1,0,12
10:09:27,26.6,54.1,0,11
10:09:32,26.6,54.5,0,11
10:09:37,26.6,54.5,0,11
10:09:42,26.6,54.4,0,12
10:09:47,26.6,54.7,0,12
10:09:52,26.6,54.9,0,12
10:09:57,26.6,54.9,0,12
10:10:02,26.7,54.9,0,11
10:10:07,26.7,54.7,0,12
10:10:12,26.7,54.3,0,11
10:10:17,26.6,54.2,0,11
10:10:22,26.6,54.4,0,11
10:10:27,26.6,54.5,0,12
10:10:32,26.7,54.6,0,11
10:10:37,26.7,54.5,0,11
10:10:42,26.6,54.3,0,11
10:10:47,26.7,53.9,0,11
10:10:52,26.6,53.9,0,11
10:10:57,26.6,54.1,0,11
10:11:02,26.6,54.3,0,12
10:11:07,26.6,54.4,0,11
10:11:12,26.6,54.3,0,11
10:11:17,26.6,54.2,0,11
10:11:22,26.6,54.0,0,11
10:11:27,26.6,54.0,0,11
10:11:32,26.6,54.4,0,11
10:11:37,26.6,54.5,0,11
10:11:42,26.6,54.5,0,11
10:11:47,26.6,54.1,0,11
10:11:52,26.6,54.3,0,11
10:11:57,26.6,54.5,0,11
10:12:02,26.6,55.0,0,11
10:12:07,26.6,54.8,0,11
10:12:12,26.6,54.7,0,10
10:12:17,26.6,54.5,0,10
10:12:22,26.6,54.4,0,10
10:12:27,26.6,54.4,0,11
10:12:32,26.6,54.4,0,10
10:12:37,26.6,54.6,0,11
10:12:42,26.6,54.5,0,11
10:12:47,26.6,54.6,0,11
10:12:52,26.6,54.5,0,10
10:12:57,26.6,54.3,0,11
10:13:02,26.6,54.2,0,11
10:13:07,26.6,54.3,0,11
10:13:12,26.5,54.5,0,11
10:13:17,26.6,54.7,0,11
10:13:22,26.5,54.5,0,11
10:13:27,26.5,54.5,0,11
10:13:32,26.5,54.5,0,11
10:13:37,26.5,54.8,0,11
10:13:42,26.5,55.1,0,12
10:13:47,26.5,55.1,0,11
10:13:52,26.5,54.8,0,11
10:13:57,26.6,54.3,0,11
10:14:02,26.6,53.7,0,12
10:14:07,26.5,53.5,0,12
10:14:12,26.5,54.1,0,11
10:14:17,26.4,54.4,0,11
10:14:22,26.4,54.5,0,12
10:14:27,26.4,54.5,0,11
10:14:32,26.4,54.1,0,12
10:14:37,26.3,54.1,0,11
10:14:42,26.3,54.1,0,12
10:14:47,26.3,54.4,0,12
10:14:52,26.3,54.7,0,12
10:14:57,26.3,54.8,0,11
10:15:02,26.3,54.6,0,12
10:15:07,26.3,54.7,0,11
10:15:12,26.3,54.6,0,11
10:15:17,26.2,54.8,0,11
10:15:22,26.3,54.7,0,11
10:15:27,26.3,54.6,0,11
10:15:32,26.3,54.5,0,11
10:15:37,26.3,54.3,0,12
10:15:42,26.4,54.4,0,11
10:15:47,26.4,54.1,0,12
10:15:52,26.4,54.6,0,12
10:15:57,26.4,54.8,0,12
10:16:02,26.4,54.9,0,13
10:16:07,26.4,54.7,0,12
10:16:12,26.4,54.5,0,11
10:16:17,26.4,54.5,0,12
10:16:22,26.4,54.4,0,11
10:16:27,26.3,54.5,0,11
10:16:32,26.3,54.7,0,11
10:16:37,26.3,54.8,0,11
10:16:42,26.4,54.9,0,11
10:16:47,26.4,55.0,0,11
10:16:52,26.4,55.0,0,11
10:16:57,26.4,55.0,0,11
10:17:02,26.4,54.8,0,11
10:17:07,26.4,54.3,0,11
10:17:12,26.5,53.8,0,11
10:17:17,26.4,53.7,0,11
10:17:22,26.4,53.6,0,11
10:17:27,26.4,53.8,0,12
10:17:32,26.4,53.9,0,11
10:17:37,26.4,54.0,0,11
10:17:42,26.5,54.1,0,11
10:17:47,26.5,54.0,0,11
10:17:52,26.4,53.9,0,11
10:17:57,26.4,54.0,0,11
10:18:02,26.5,54.3,0,12
10:18:07,26.5,54.5,0,11
10:18:12,26.5,54.6,0,12
10:18:17,26.5,54.4,0,11
10:18:22,26.5,54.3,0,11
10:18:27,26.5,54.4,0,11
10:18:32,26.5,54.4,0,11
10:18:37,26.5,54.2,0,11
10:18:42,26.6,53.8,0,10
10:18:47,26.6,53.7,0,10
10:18:52,26.6,53.6,0,11
10:18:57,26.6,53.5,0,10
10:19:02,26.6,53.5,0,11
10:19:07,26.6,53.5,0,10
10:19:12,26.6,53.7,0,10
10:19:17,26.6,53.8,0,11
10:19:22,26.6,53.4,0,10
10:19:27,26.7,53.4,0,10
10:19:32,26.7,53.3,0,10
10:19:37,26.7,53.3,0,9
10:19:42,26.6,53.5,0,9
10:19:47,26.6,53.5,0,9
10:19:52,26.7,52.9,0,9
10:19:57,26.7,52.8,0,9
10:20:02,26.6,52.7,0,9
10:20:07,26.6,52.8,0,8
10:20:12,26.6,52.9,0,8
10:20:17,26.7,52.7,0,8
10:20:22,26.7,52.6,0,8
10:20:27,26.7,52.9,0,9
10:20:32,26.7,53.2,0,8
10:20:37,26.7,53.0,0,8
10:20:42,26.7,53.1,0,8
10:20:47,26.7,53.3,0,8
10:20:52,26.7,52.9,0,8
10:20:57,26.7,52.7,0,8
10:21:02,26.7,52.7,0,9
10:21:07,26.7,52.8,0,8
10:21:12,26.7,52.8,0,9
10:21:17,26.7,52.7,0,8
10:21:22,26.7,53.1,0,8
10:21:27,26.7,53.2,0,8
10:21:32,26.7,53.0,0,8
10:21:37,26.7,52.8,0,8
10:21:42,26.7,53.0,0,8
10:21:47,26.7,53.2,0,7
10:21:52,26.7,53.4,0,8
10:21:57,26.7,53.5,0,8
10:22:02,26.7,53.8,0,8
10:22:07,26.7,53.8,0,8
10:22:12,26.7,53.3,0,8
10:22:17,26.7,53.1,0,8
10:22:22,26.7,53.3,0,8
10:22:27,26.6,53.7,0,8
10:22:32,26.6,54.0,0,7
10:22:37,26.6,54.0,0,7
10:22:42,26.6,54.0,0,7
10:22:47,26.6,53.8,0,8
10:22:52,26.6,53.8,0,7
10:22:57,26.6,54.0,0,7
10:23:02,26.6,54.0,0,8
10:23:07,26.6,54.1,0,7
10:23:12,26.6,53.8,0,7
10:23:17,26.6,53.9,0,7
10:23:22,26.6,54.2,0,7
10:23:27,26.6,54.4,0,7
10:23:32,26.6,54.5,0,7
10:23:37,26.6,54.6,0,8
10:23:42,26.6,54.7,0,7
10:23:47,26.6,54.7,0,8
10:23:52,26.6,54.5,0,8
10:23:57,26.6,54.4,0,8
10:24:02,26.6,54.6,0,8
10:24:07,26.6,54.8,0,8
10:24:12,26.6,55.0,0,8
10:24:17,26.6,54.8,0,8
10:24:22,26.6,54.8,0,8
10:24:27,26.6,54.8,0,8
10:24:32,26.6,54.4,0,8
10:24:37,26.6,54.5,0,8
10:24:42,26.6,54.6,0,8
10:24:47,26.6,54.6,0,8
10:24:52,26.6,54.0,0,8
10:24:57,26.6,53.8,0,8
10:25:02,26.6,54.1,0,8
10:25:07,26.6,54.3,0,9
10:25:12,26.6,54.3,0,9
10:25:17,26.6,54.4,0,9
10:25:22,26.6,54.4,0,9
10:25:27,26.6,54.3,0,8
10:25:32,26.6,54.1,0,9
10:25:37,26.6,54.1,0,8
10:25:42,26.6,54.4,0,9
10:25:47,26.6,54.6,0,9
10:25:52,26.6,54.7,0,8
10:25:57,26.6,54.8,0,9
10:26:02,26.6,54.8,0,9
10:26:07,26.6,54.5,0,8
10:26:12,26.6,54.2,0,8
10:26:17,26.6,54.4,0,8
10:26:22,26.6,54.8,0,10
10:26:27,26.6,54.9,0,9
10:26:32,26.6,54.8,0,9
10:26:37,26.6,54.8,0,10
10:26:42,26.6,54.8,0,9
10:26:47,26.6,54.8,0,9
10:26:52,26.6,54.8,0,10
10:26:57,26.6,54.6,0,10
10:27:02,26.6,54.4,0,10
10:27:07,26.7,54.3,0,9
10:27:12,26.6,54.1,0,10
10:27:17,26.7,54.2,0,10
10:27:22,26.7,54.3,0,10
10:27:27,26.6,54.4,0,10
10:27:32,26.6,54.3,0,9
10:27:37,26.6,54.3,0,10
10:27:42,26.6,54.2,0,10
10:27:47,26.6,54.0,0,11
10:27:52,26.6,54.1,0,10
10:27:57,26.6,54.2,0,10
10:28:02,26.6,54.2,0,10
10:28:07,26.6,53.5,0,10
10:28:12,26.6,53.6,0,10
10:28:17,26.6,54.2,0,10
10:28:22,26.6,54.5,0,10
10:28:27,26.6,54.6,0,9
10:28:32,26.6,54.5,0,10
10:28:37,26.6,54.3,0,9
10:28:42,26.6,54.1,0,9
10:28:47,26.6,53.9,0,9
10:28:52,26.6,54.2,0,10
10:28:57,26.6,54.4,0,10
10:29:02,26.6,54.5,0,9
10:29:07,26.6,54.5,0,9
10:29:12,26.6,54.4,0,9
10:29:17,26.6,54.3,0,10
10:29:22,26.6,54.6,0,9
10:29:27,26.6,54.6,0,10
10:29:32,26.6,54.7,0,9
10:29:37,26.6,54.6,0,9
10:29:42,26.6,54.4,0,9
10:29:47,26.6,53.7,0,9
10:29:52,26.6,53.5,0,9
10:29:57,26.6,53.7,0,11
10:30:02,26.6,54.1,0,10
10:30:07,26.6,54.3,0,10
10:30:12,26.6,54.4,0,13
10:30:17,26.6,54.4,0,13
10:30:22,26.6,54.5,0,13
10:30:27,26.6,54.3,0,15
10:30:32,26.6,54.4,0,16
10:30:37,26.6,54.4,0,9
11:27:50,24.1,54.7,0,27
11:27:55,25.1,51.4,0,28
11:28:00,25.0,51.4,0,27
11:28:05,25.0,51.6,0,27
11:28:10,25.1,51.6,0,27
11:28:15,25.1,51.4,0,27
11:28:20,25.1,51.1,0,27
11:28:25,25.0,50.9,0,28
11:28:30,25.0,51.2,0,28
11:28:35,25.0,51.3,0,28
11:28:40,25.0,51.4,0,28
11:28:45,25.0,51.2,0,27
11:28:50,25.0,51.3,0,28
11:28:55,25.0,51.5,0,28
11:29:00,25.0,51.6,0,28
11:29:05,25.0,51.7,0,28
11:29:10,25.1,51.6,0,28
11:29:15,25.1,51.6,0,29
11:29:20,25.1,51.5,0,28
11:29:25,25.2,51.6,0,27
11:29:30,25.2,51.6,0,27
11:29:35,25.2,51.3,0,29
11:29:40,25.2,51.3,0,28
11:29:45,25.2,51.4,0,28
11:29:50,25.2,51.4,0,28
11:29:55,25.2,51.3,0,26
11:30:00,25.2,51.1,0,28
11:30:05,25.3,51.0,0,28
11:30:10,5.3,51.2,0,26
11:30:15,25.3,51.3,0,26
11:30:20,25.3,51.1,0,27
11:30:25,25.3,50.9,0,26
11:30:30,25.3,50.9,0,26
11:30:35,25.3,50.9,0,26
11:30:40,25.3,50.7,0,27
11:30:45,25.4,50.4,0,26
11:30:50,25.4,50.4,0,26
11:30:55,25.4,50.4,0,27
11:31:00,25.4,50.2,0,27
11:31:05,25.4,50.2,0,27
11:31:10,25.4,50.2,0,27
11:31:15,25.4,50.4,0,27
11:31:20,25.4,50.4,0,26
11:31:25,25.4,50.4,0,26
11:31:30,25.4,50.5,0,25
11:31:35,25.4,50.3,0,27
11:31:40,25.4,50.2,0,26
11:31:45,25.4,50.5,0,26
11:31:50,25.3,50.7,0,25
11:31:55,25.4,50.7,0,26
11:32:00,25.4,50.4,0,26
11:32:05,25.3,50.1,0,18
11:32:10,25.3,50.2,0,20
11:32:15,25.3,50.3,0,20
11:32:20,25.3,50.4,0,19
11:32:25,25.3,50.3,0,19
11:32:30,25.3,50.3,0,18
11:32:35,25.4,50.2,0,18
11:32:40,25.4,50.0,0,18
11:32:45,25.3,50.2,0,17
11:32:50,25.3,50.6,0,16
11:32:55,25.3,50.6,0,18
11:33:00,25.3,50.7,0,17
11:33:05,25.3,50.4,0,16
11:33:10,25.3,50.4,0,16
11:33:15,25.3,50.6,0,17
11:33:20,25.3,50.7,0,15
11:33:25,25.4,50.8,0,17
11:33:30,25.4,50.9,0,16
11:33:35,25.4,50.6,0,16
11:33:40,25.4,50.3,0,16
11:33:45,25.4,50.3,0,15
11:33:50,25.4,50.2,0,16
11:33:55,25.4,50.5,0,15
11:34:00,25.4,50.8,0,15
11:34:05,25.4,51.0,0,15
11:34:10,25.5,51.1,0,15
11:34:15,25.5,50.9,0,15
11:34:20,25.5,50.8,0,15
11:34:25,25.5,50.9,0,15
11:34:30,25.5,50.9,0,14
11:34:35,25.5,51.1,0,15
11:34:40,5.5,51.1,0,16
11:34:45,25.5,51.1,0,15
11:34:50,25.5,51.0,0,15
11:34:55,25.5,51.0,0,16
11:35:00,25.5,51.0,0,15
11:35:05,25.5,51.2,0,15
11:35:10,25.5,51.4,0,14
11:35:15,25.5,50.7,0,15
11:35:20,25.5,50.6,0,15
11:35:25,25.5,50.7,0,15
11:35:30,25.5,50.9,0,15
11:35:35,25.5,51.1,0,15
11:35:40,25.6,51.1,0,15
11:35:45,25.6,51.0,0,15
11:35:50,25.6,51.3,0,15
11:35:55,25.6,51.0,0,15
11:36:00,25.7,50.9,0,14
11:36:05,25.7,50.8,0,14
11:36:10,25.7,51.1,0,15
11:36:15,25.7,51.2,0,15
11:36:20,25.7,51.0,0,15
11:36:25,25.7,51.2,0,15
11:36:30,25.7,51.0,0,15
11:36:35,25.7,50.9,0,15
11:36:40,25.7,51.1,0,15
11:36:45,25.8,51.2,0,15
11:36:50,25.8,51.3,0,15
11:36:55,25.8,51.5,0,15
11:37:00,25.8,51.6,0,15
11:37:05,25.8,51.8,0,15
11:37:10,25.8,52.1,0,15
11:37:15,25.8,52.1,0,14
11:37:20,25.9,51.9,0,16
11:37:25,25.9,51.7,0,15
11:37:30,25.9,51.4,0,15
11:37:35,25.9,50.7,0,14
11:37:40,25.9,50.5,0,15
11:37:45,25.9,50.9,0,16
11:37:50,25.9,51.2,0,15
11:37:55,25.9,51.2,0,15
11:38:00,25.9,51.0,0,14
11:38:05,25.9,50.8,0,15
11:38:10,25.9,50.7,0,15
11:38:15,25.9,50.7,0,14
11:38:20,25.9,51.0,0,15
11:38:25,25.9,51.1,0,15
11:38:30,25.9,51.0,0,14
11:38:35,25.9,50.9,0,15
11:38:40,26.0,50.9,0,15
11:38:45,25.9,50.9,0,13
11:38:50,26.0,50.9,0,15
11:38:55,26.0,51.0,0,14
11:39:00,26.0,51.0,0,14
11:39:05,26.0,50.7,0,15
11:39:10,26.1,50.5,0,15
11:39:15,26.1,50.6,0,14
11:39:20,26.1,50.6,0,15
11:39:25,26.1,50.7,0,15
11:39:30,6.1,50.6,0,16
11:39:35,26.2,50.6,0,15
11:39:40,26.2,50.5,0,16
11:39:45,26.2,50.4,0,16
11:39:50,26.1,50.3,0,15
11:39:55,26.1,50.3,0,15
11:40:00,26.1,50.5,0,14
11:40:05,26.2,50.6,0,15
11:40:10,26.2,50.4,0,15
11:40:15,26.1,50.3,0,15
11:40:20,6.1,50.3,0,14
11:40:25,26.1,50.4,0,13
11:40:30,26.2,50.2,0,14
11:40:35,26.2,50.0,0,14
11:40:40,26.2,49.7,0,14
11:40:45,26.2,49.8,0,14
11:40:50,26.2,49.9,0,14
11:40:55,26.2,49.9,0,15
11:41:00,26.2,50.1,0,16
11:41:05,26.1,50.5,0,16
11:41:10,26.2,50.6,0,15
11:41:15,26.2,50.7,0,16
11:41:20,26.2,50.7,0,16
11:41:25,26.2,50.6,0,17
11:41:30,26.1,50.6,0,16
11:41:35,26.1,50.6,0,15
11:41:40,26.1,50.7,0,16
11:41:45,26.1,50.6,0,16
11:41:50,26.1,50.1,0,15
11:41:55,26.1,49.8,0,14
11:42:00,26.1,49.6,0,15
11:42:05,26.1,49.6,0,15
11:42:10,26.1,49.7,0,15
11:42:15,26.1,49.5,0,15
11:42:20,26.1,49.6,0,15
11:42:25,26.1,49.7,0,15
11:42:30,26.1,49.7,0,15
11:42:35,26.2,50.0,0,15
11:42:40,26.1,50.5,0,15
11:42:45,26.1,50.2,0,15
11:42:50,26.1,50.0,0,15
11:42:55,26.2,50.2,0,15
11:43:00,26.1,50.2,0,15
11:43:05,26.1,50.1,0,15
11:43:10,26.1,50.0,0,16
11:43:15,26.1,50.4,0,15
11:43:20,26.1,50.4,0,15
11:43:25,26.1,50.6,0,15
11:43:30,26.1,50.7,0,15
11:43:35,26.1,50.8,0,16
11:43:40,26.1,50.7,0,15
11:43:45,26.1,50.5,0,15
11:43:50,26.1,50.3,0,15
11:43:55,26.1,50.3,0,14
11:44:00,26.2,50.3,0,15
11:44:05,26.2,50.5,0,15
11:44:10,26.1,50.5,0,15
11:44:15,26.1,50.6,0,15
11:44:20,26.1,50.6,0,15
11:44:25,26.1,50.9,0,15
11:44:30,26.1,51.0,0,15
11:44:35,26.1,51.0,0,15
11:44:40,26.1,51.1,0,15
11:44:45,26.1,51.2,0,15
11:44:50,26.1,51.3,0,15
11:44:55,26.1,51.3,0,15
11:45:00,26.1,51.4,0,15
11:45:05,26.1,51.4,0,15
11:45:10,26.1,51.4,0,16
11:45:15,26.1,51.4,0,15
11:45:20,26.1,51.6,0,15
11:45:25,26.1,51.6,0,15
11:45:30,26.1,51.5,0,15
11:45:35,26.2,51.4,0,16
11:45:40,26.1,51.3,0,15
11:45:45,26.1,51.2,0,12
11:45:50,26.1,51.1,0,12
11:45:55,26.1,51.3,0,14
11:46:00,26.1,51.5,0,12
11:46:05,26.1,51.5,0,12
11:46:10,26.1,51.4,0,11
11:46:15,26.1,51.4,0,11
11:46:20,26.1,51.3,0,11
11:46:25,26.1,51.3,0,11
11:46:30,26.1,51.4,0,11
11:46:35,26.1,51.4,0,11
11:46:40,26.1,51.3,0,11
11:46:45,26.1,51.2,0,12
11:46:50,26.1,51.4,0,11
11:46:55,26.1,51.5,0,11
11:47:00,26.1,51.5,0,11
11:47:05,26.2,51.4,0,10
11:47:10,26.2,51.2,0,13
11:47:15,26.2,51.1,0,11
11:47:20,26.2,51.1,0,11
11:47:25,26.2,51.3,0,11
11:47:30,26.2,51.4,0,11
11:47:35,26.2,51.4,0,11
11:47:40,26.2,51.6,0,12
11:47:45,26.2,51.8,0,11
11:47:50,26.2,51.8,0,12
11:47:55,26.2,51.8,0,11
11:48:00,26.2,51.6,0,12
11:48:05,26.2,51.6,0,11
11:48:10,26.2,51.6,0,12
11:48:15,26.2,51.6,0,12
11:48:20,6.2,51.5,0,11
11:48:25,26.2,51.9,0,12
11:48:30,26.2,52.0,0,11
11:48:35,26.3,51.8,0,11
11:48:40,26.3,52.1,0,12
11:48:45,26.3,52.2,0,12
11:48:50,6.3,52.0,0,11
11:48:55,26.4,51.8,0,12
11:49:00,26.4,51.7,0,11
11:49:05,26.4,51.6,0,13
11:49:10,26.4,51.5,0,11
11:49:15,26.4,51.6,0,12
11:49:20,26.4,51.9,0,12
11:49:25,26.4,51.8,0,13
11:49:30,26.4,51.7,0,11
11:49:35,26.5,51.5,0,13
11:49:40,26.5,51.5,0,13
11:49:45,26.5,51.5,0,13
11:49:50,26.5,51.7,0,13
11:49:55,26.5,51.5,0,13
11:50:00,26.5,51.4,0,13
11:50:05,26.5,51.4,0,13
11:50:10,26.5,51.4,0,13
11:50:15,26.5,51.5,0,14
11:50:20,26.6,51.6,0,13
11:50:30,26.6,51.3,0,13
11:50:35,26.6,51.1,0,13
11:50:40,26.6,51.2,0,13
11:50:45,26.6,51.0,0,13
11:50:50,26.6,51.0,0,12
11:50:55,26.6,50.9,0,13
11:51:00,26.6,50.9,0,12
11:51:05,26.6,51.0,0,13
11:51:10,26.6,50.9,0,13
11:51:15,26.6,50.9,0,13
11:51:20,26.6,50.8,0,13
11:51:25,26.6,51.0,0,13
11:51:30,26.6,51.2,0,14
11:51:35,26.6,51.5,0,12
11:51:40,26.6,51.5,0,14
11:51:45,26.6,51.3,0,14
11:51:50,26.5,51.2,0,10
11:51:55,26.5,51.1,0,10
11:52:00,26.5,51.5,0,11
11:52:05,26.5,51.6,0,12
11:52:10,26.5,51.5,0,11
11:52:15,26.5,51.5,0,10
11:52:20,26.5,51.7,0,10
11:52:25,26.5,51.8,0,10
11:52:30,26.5,52.2,0,10
11:52:35,26.5,52.2,0,9
11:52:40,26.5,52.0,0,9
11:52:45,26.4,52.0,0,11
11:52:50,26.4,51.8,0,12
11:52:55,26.4,51.7,0,9
11:53:00,26.4,51.6,0,10
11:53:05,26.3,51.8,0,11
11:53:10,26.3,51.9,0,10
11:53:15,26.3,51.9,0,10
11:53:20,26.2,52.0,0,10
11:53:25,26.2,51.9,0,11
11:53:30,26.2,51.9,0,10
11:53:35,26.2,52.1,0,9
11:53:40,26.2,52.2,0,10
11:53:45,26.2,52.2,0,10
11:53:50,26.2,52.2,0,10
11:53:55,26.2,51.8,0,9
11:54:00,26.2,51.7,0,10
11:54:05,26.2,51.9,0,10
11:54:10,26.2,52.2,0,10
11:54:15,26.2,52.6,0,10
11:54:20,26.2,52.7,0,10
11:54:25,26.2,52.9,0,10
11:54:30,26.2,53.0,0,10
11:54:35,26.2,52.9,0,10
11:54:40,26.2,52.9,0,9
11:54:45,26.2,52.9,0,10
11:54:50,26.2,52.8,0,10
11:54:55,26.2,52.7,0,9
11:55:00,26.2,52.4,0,10
11:55:05,26.1,52.5,0,10
11:55:10,26.1,52.5,0,10
11:55:15,26.1,52.5,0,10
11:55:20,26.1,52.5,0,10
11:55:25,26.1,52.6,0,10
11:55:30,26.1,52.8,0,10
11:55:35,26.1,52.8,0,9
11:55:40,26.1,52.7,0,9
11:55:45,26.1,53.3,0,9
11:55:50,26.1,53.4,0,10
11:55:55,26.1,53.4,0,10
11:56:00,26.1,53.3,0,10
11:56:05,26.1,53.2,0,10
11:56:10,26.1,53.1,0,10
11:56:15,26.1,53.2,0,10
11:56:20,26.1,53.2,0,10
11:56:25,26.1,53.1,0,9
11:56:30,26.1,53.0,0,9
11:56:35,26.1,52.8,0,10
11:56:40,26.1,52.6,0,10
11:56:45,26.1,52.8,0,10
11:56:50,26.1,52.7,0,10
11:56:55,26.1,52.6,0,10
11:57:00,26.1,52.5,0,10
11:57:05,26.1,52.5,0,10
11:57:10,26.1,52.2,0,10
11:57:15,26.1,52.2,0,10
11:57:20,26.1,52.2,0,10
11:57:25,26.1,52.3,0,10
11:57:30,26.1,52.3,0,11
11:57:35,26.1,52.2,0,10
11:57:40,26.1,51.9,0,10
11:57:45,26.1,52.0,0,10
11:57:50,26.1,52.1,0,10
11:57:55,26.1,52.1,0,10
11:58:00,26.1,52.3,0,10
11:58:05,26.1,52.4,0,10
11:58:10,26.0,52.0,0,10
11:58:15,26.0,52.0,0,10
11:58:20,26.0,52.1,0,10
11:58:25,26.0,52.2,0,10
11:58:30,26.0,52.3,0,10
11:58:35,26.0,52.3,0,10
11:58:40,26.0,52.3,0,10
11:58:45,26.0,52.3,0,10
11:58:50,26.0,52.0,0,10
11:58:55,26.1,52.1,0,10
11:59:00,26.1,52.3,0,10
11:59:05,26.1,52.3,0,10
11:59:10,26.1,52.3,0,11
11:59:15,26.1,52.3,0,10
11:59:20,26.1,52.2,0,11
11:59:25,26.1,52.3,0,10
11:59:30,26.1,52.4,0,10
11:59:35,26.1,52.4,0,9
11:59:40,26.2,52.4,0,10
11:59:45,26.2,52.4,0,10
11:59:50,26.2,52.2,0,10
11:59:55,26.2,52.1,0,10
12:00:00,26.2,52.2,0,10
12:00:05,26.2,52.3,0,10
12:00:10,26.2,52.1,0,10
12:00:15,6.2,52.1,0,10
12:00:20,26.2,52.0,0,10
12:00:25,26.2,51.7,0,10
12:00:30,26.2,51.3,0,10
12:00:35,26.1,51.3,0,10
12:00:40,26.1,51.8,0,10
12:00:45,26.1,52.2,0,10
12:00:50,26.1,52.5,0,9
12:00:55,26.0,52.4,0,10
12:01:00,26.0,52.5,0,10
12:01:05,26.0,52.6,0,11
12:01:10,6.0,52.6,0,10
12:01:15,26.0,52.9,0,11
12:01:20,26.0,53.0,0,11
12:01:25,26.0,53.0,0,10
12:01:30,26.0,52.6,0,10
12:01:35,26.0,52.6,0,11
12:01:40,25.9,52.7,0,11
12:01:45,25.9,52.9,0,11
12:01:50,25.9,52.9,0,11
12:01:55,25.9,52.6,0,11
12:02:00,25.9,52.5,0,10
12:02:05,26.0,52.0,0,11
12:02:10,25.9,51.7,0,10
12:02:15,25.9,51.8,0,11
12:02:20,25.9,52.1,0,11
12:02:25,25.9,52.3,0,11
12:02:30,25.9,52.4,0,11
12:02:35,25.9,52.5,0,11
12:02:40,25.9,52.6,0,11
12:02:45,25.9,52.5,0,11
12:02:50,25.9,52.5,0,11
12:02:55,25.9,52.8,0,11
12:03:00,25.9,52.9,0,10
12:03:05,25.9,52.7,0,11
12:03:10,25.8,52.5,0,11
12:03:15,25.8,52.6,0,11
12:03:20,25.8,52.7,0,11
12:03:25,25.8,53.0,0,11
12:03:30,25.8,53.4,0,11
12:03:35,25.8,53.5,0,11
12:03:40,25.8,53.3,0,11
12:03:45,25.9,53.2,0,11
12:03:50,25.9,53.1,0,11
12:03:55,25.9,53.1,0,11
12:04:00,25.9,53.1,0,11
12:04:05,25.9,53.0,0,12
12:04:10,25.9,53.0,0,12
12:04:15,25.9,53.0,0,11
12:04:20,25.9,52.7,0,12
12:04:25,25.9,52.7,0,11
12:04:30,25.9,52.9,0,11
12:04:35,25.9,52.9,0,11
12:04:40,25.9,53.0,0,11
12:04:45,25.9,52.8,0,11
12:04:50,5.9,52.7,0,11
12:04:55,25.9,52.9,0,11
12:05:00,25.9,53.0,0,11
12:05:05,25.9,53.0,0,11
12:05:10,25.9,52.9,0,11
12:05:15,25.9,53.0,0,11
12:05:20,25.9,53.0,0,11
12:05:25,26.0,52.9,0,11
12:05:30,26.0,52.9,0,12
12:05:35,26.0,53.1,0,12
12:05:40,26.0,53.2,0,10
12:05:45,26.1,53.0,0,11
12:05:50,26.1,52.7,0,11
12:05:55,26.0,52.3,0,12
12:06:00,26.0,52.2,0,11
12:06:05,26.0,52.2,0,12
12:06:10,26.0,52.3,0,12
12:06:15,26.0,52.5,0,12
12:06:20,26.0,52.4,0,12
12:06:25,26.0,52.0,0,12
12:06:30,26.0,52.1,0,12
12:06:35,26.0,52.0,0,11
12:06:40,26.0,52.0,0,11
12:06:45,26.0,52.1,0,10
12:06:50,26.0,52.1,0,10
12:06:55,26.0,52.0,0,9
12:07:00,25.9,52.3,0,9
12:07:05,26.0,52.4,0,11
12:07:10,26.0,52.4,0,11
12:07:15,26.0,52.5,0,10
12:07:20,26.0,52.4,0,11
12:07:25,26.0,52.3,0,10
12:07:30,26.0,52.3,0,11
12:07:35,26.0,52.4,0,11
12:07:40,26.0,52.6,0,10
12:07:45,26.0,52.6,0,10
12:07:50,26.0,52.3,0,10
12:07:55,26.0,52.0,0,10
12:08:00,26.0,52.0,0,10
12:08:05,25.9,52.0,0,10
12:08:10,25.9,51.8,0,10
12:08:15,25.9,51.8,0,11
12:08:20,25.9,52.1,0,11
12:08:25,25.9,52.1,0,10
12:08:30,5.9,52.2,0,10
12:08:35,25.9,52.2,0,11
12:08:40,5.9,52.3,0,11
12:08:45,25.9,52.5,0,11
12:08:50,25.9,52.4,0,10
12:08:55,25.9,52.4,0,11
12:09:00,25.9,52.3,0,11
12:09:05,25.9,52.3,0,11
12:09:10,25.9,52.3,0,11
12:09:15,25.9,52.3,0,11
12:09:20,25.9,52.0,0,10
12:09:25,25.9,51.8,0,11
12:09:30,25.9,52.0,0,11
12:09:35,25.9,51.9,0,10
12:09:40,25.9,51.6,0,11
12:09:45,25.9,51.4,0,11
12:09:50,25.8,51.5,0,11
12:09:55,25.8,51.6,0,11
12:10:00,25.8,51.6,0,10
12:10:05,25.8,51.6,0,10
12:10:10,25.8,51.7,0,11
12:10:15,25.8,51.8,0,10
12:10:20,5.8,51.8,0,11
12:10:25,25.8,52.0,0,11
12:10:30,25.9,52.0,0,11
12:10:35,25.9,52.1,0,11
12:10:40,25.9,52.2,0,11
12:10:45,25.8,52.1,0,11
12:10:50,25.8,51.9,0,11
12:10:55,25.8,51.9,0,11
12:11:00,25.8,52.1,0,10
12:11:05,25.8,52.3,0,11
12:11:10,25.8,52.5,0,11
12:11:15,25.8,52.4,0,11
12:11:20,25.8,52.4,0,11
12:11:25,25.8,52.3,0,11
12:11:30,25.8,52.3,0,11
12:11:35,25.8,52.4,0,11
12:11:40,25.8,52.6,0,11
12:11:45,25.8,52.4,0,11
12:11:50,25.8,52.2,0,11
12:11:55,25.8,52.2,0,11
12:12:00,25.8,52.4,0,11
12:12:05,25.8,52.5,0,12
12:12:10,25.8,52.8,0,10
12:12:15,25.8,53.2,0,11
12:12:20,25.8,53.3,0,12
12:12:25,25.9,53.1,0,11
12:12:30,25.8,52.9,0,11
12:12:35,25.9,52.9,0,11
12:12:40,25.9,52.9,0,11
12:12:45,25.9,52.9,0,11
12:12:50,25.9,52.8,0,11
12:12:55,25.9,52.6,0,10
12:13:00,25.9,52.1,0,11
12:13:05,25.9,52.3,0,10
12:13:10,25.9,52.2,0,11
12:13:15,25.9,52.3,0,11
12:13:20,25.9,52.2,0,10
12:13:25,25.9,52.4,0,11
12:13:30,25.9,52.4,0,11
12:13:35,25.9,52.2,0,11
12:13:40,25.9,51.8,0,11
12:13:45,25.9,51.5,0,11
12:13:50,25.9,51.6,0,11
12:13:55,25.9,51.7,0,11
12:14:00,25.9,51.8,0,11
12:14:05,25.9,51.6,0,12
12:14:10,25.9,51.3,0,12
12:14:15,25.9,51.5,0,12
12:14:20,25.9,51.7,0,13
12:14:25,25.9,51.9,0,13
12:14:30,25.9,52.2,0,13
12:14:35,25.9,52.2,0,12
12:14:40,25.9,52.2,0,13
12:14:45,26.0,52.0,0,12
12:14:50,26.0,51.8,0,12
12:14:55,26.0,51.5,0,12
12:15:00,26.0,51.2,0,12
12:15:05,26.0,51.1,0,13
12:15:10,26.0,50.9,0,12
12:15:15,25.9,51.1,0,13
12:15:20,25.9,51.3,0,11
12:15:25,25.9,51.5,0,11
12:15:30,25.9,51.4,0,10
12:15:35,25.9,51.3,0,9
12:15:40,25.9,51.4,0,9
12:15:45,25.9,51.3,0,10
12:15:50,25.9,51.3,0,10
12:15:55,25.9,51.4,0,10
12:16:00,25.9,51.5,0,11
12:16:05,25.8,51.7,0,11
12:16:10,25.8,51.7,0,11
12:16:15,25.8,51.6,0,12
12:16:20,25.8,51.6,0,12
12:16:25,25.8,51.5,0,12
12:16:30,25.8,51.5,0,12
12:16:35,25.8,51.6,0,12
12:16:40,25.8,51.5,0,12
12:16:45,25.8,51.5,0,12
12:16:50,25.8,51.6,0,12
12:16:55,25.8,51.8,0,15
12:17:00,25.8,52.1,0,15
12:17:05,25.9,52.3,0,14
12:17:10,5.9,52.5,0,15
12:17:15,25.9,52.6,0,14
12:17:20,25.9,52.7,0,12
12:17:25,25.9,52.6,0,13
12:17:30,26.0,52.5,0,14
12:17:35,26.0,52.5,0,14
12:17:40,26.0,52.5,0,14
12:17:45,26.0,52.5,0,13
12:17:50,26.1,52.2,0,13
12:17:55,26.1,51.9,0,13
12:18:00,26.1,51.8,0,13
12:18:05,26.1,51.8,0,13
12:18:10,26.1,51.8,0,13
12:18:15,26.1,51.8,0,13
12:18:20,26.2,51.5,0,13
12:18:25,26.2,51.2,0,13
12:18:30,26.2,51.0,0,14
12:18:35,26.1,51.0,0,14
12:18:40,26.1,51.2,0,13
12:18:45,26.1,51.4,0,14
12:18:50,26.1,51.5,0,15
12:18:55,26.1,51.5,0,14
12:19:00,26.1,51.6,0,14
12:19:05,26.1,51.5,0,14
12:19:10,6.1,51.5,0,15
12:19:15,26.1,51.5,0,14
12:19:20,26.1,51.5,0,15
12:19:25,26.1,51.5,0,14
12:19:30,26.1,51.0,0,14
12:19:35,26.1,50.8,0,14
12:19:40,26.1,50.7,0,15
12:19:45,26.1,50.8,0,14
12:19:50,26.1,50.5,0,15
12:19:55,26.1,50.2,0,16
12:20:00,26.1,49.9,0,14
12:20:05,26.1,50.1,0,15
12:20:10,26.1,50.3,0,15
12:20:15,26.0,50.4,0,15
12:20:20,26.0,50.5,0,15
12:20:25,26.0,50.8,0,15
12:20:30,26.0,50.9,0,15
12:20:35,26.0,50.9,0,14
12:20:40,25.9,50.8,0,15
12:20:45,25.9,50.6,0,15
12:20:50,25.9,50.9,0,16
12:20:55,25.9,51.1,0,16
12:21:00,25.9,51.3,0,16
12:21:05,25.9,51.3,0,17
12:21:10,25.9,50.8,0,17
12:21:15,25.9,50.5,0,17
12:21:20,25.9,50.7,0,16
12:21:25,25.9,50.7,0,17
12:21:30,25.9,50.5,0,17
12:21:35,25.9,50.7,0,17
12:21:40,25.9,50.8,0,18
12:21:45,25.9,50.6,0,18
12:21:50,25.8,50.6,0,18
12:21:55,25.8,50.7,0,18
12:22:00,25.8,50.8,0,18
12:22:05,25.8,51.0,0,18
12:22:10,25.8,51.2,0,18
12:22:15,25.8,51.5,0,18
12:22:20,25.8,51.6,0,18
12:22:25,25.8,51.4,0,18
12:22:30,25.8,51.6,0,18
12:22:35,25.8,51.7,0,18
12:22:40,5.8,51.7,0,18
12:22:45,25.8,51.3,0,18
12:22:50,25.8,51.3,0,19
12:22:55,25.8,51.5,0,19
12:23:00,25.9,51.5,0,18
12:23:05,25.9,51.4,0,18
12:23:10,25.9,51.5,0,18
12:23:15,25.9,51.6,0,18
12:23:20,25.9,51.6,0,18
12:23:25,25.9,51.6,0,18
12:23:30,25.9,51.5,0,18
12:23:35,25.9,51.7,0,18
12:23:40,25.9,51.8,0,18
12:23:45,25.9,51.7,0,18
12:23:50,25.9,51.6,0,18
12:23:55,25.9,51.5,0,18
12:24:00,5.9,51.6,0,19
12:24:05,25.9,51.6,0,18
12:24:10,25.9,51.5,0,18
12:24:15,25.9,51.5,0,18
12:24:20,25.9,51.4,0,18
12:24:25,25.9,51.0,0,18
12:24:30,25.9,51.5,0,16
12:24:35,25.9,51.9,0,16
12:24:40,26.0,51.7,0,15
12:24:45,26.1,51.4,0,15
12:24:50,26.1,50.8,0,15
12:24:55,26.1,50.3,0,14
12:25:00,6.2,50.5,0,14
12:25:05,26.2,50.7,0,14
12:25:10,26.2,50.6,0,14
12:25:15,26.2,50.6,0,14
12:25:20,6.2,50.6,0,13
12:25:25,26.2,50.4,0,13
12:25:30,26.2,50.4,0,15
12:25:35,26.2,50.3,0,16
12:25:40,26.2,50.2,0,17
12:25:45,26.2,50.2,0,17
12:25:50,26.2,50.1,0,18
12:25:55,26.2,50.2,0,18
12:26:00,26.2,50.2,0,20
12:26:05,26.1,50.0,0,21
12:26:10,26.1,50.1,0,20
12:26:15,26.1,49.7,0,20
12:26:20,26.1,49.9,0,20
12:26:25,26.1,50.1,0,20
12:26:30,26.2,50.0,0,20
12:26:35,26.2,49.8,0,20
12:26:40,26.2,49.9,0,20
12:26:45,26.2,49.7,0,20
12:26:50,26.2,49.7,0,20
12:26:55,26.2,49.9,0,20
12:27:00,26.2,50.1,0,20
12:27:05,26.2,49.8,0,20
12:27:10,26.2,49.8,0,20
12:27:15,26.2,49.9,0,20
12:27:20,26.2,50.0,0,20
12:27:25,26.2,50.1,0,20
12:27:30,26.2,50.1,0,20
12:27:35,26.2,50.1,0,21
12:27:40,26.2,50.0,0,21
12:27:45,26.2,49.7,0,21
12:27:50,26.2,49.8,48,19
12:27:55,26.2,49.9,45,20
12:28:00,26.2,50.0,43,19
12:28:05,26.2,49.9,42,20
12:28:10,26.2,49.7,41,21
12:28:15,26.2,49.4,41,20
12:28:20,26.3,49.0,41,20
12:28:25,26.3,49.1,40,20
12:28:30,26.3,49.2,40,20
12:28:35,26.2,49.5,40,20
12:28:40,26.3,49.5,40,20
12:28:45,26.3,49.4,40,19
12:28:50,26.3,49.2,40,20
12:28:55,26.3,48.9,40,19
12:29:00,26.2,49.0,39,19
12:29:05,26.2,49.2,40,20
12:29:10,26.2,49.3,39,19
12:29:15,26.2,49.4,39,20
12:29:20,26.2,49.4,39,19
12:29:25,26.2,49.2,39,19
12:29:30,26.2,49.0,39,20
12:29:35,26.2,48.9,39,19
12:29:40,26.2,49.0,38,19
12:29:45,26.2,48.9,39,19
12:29:50,26.2,49.0,39,18
12:29:55,26.2,49.1,39,18
12:30:00,26.2,49.2,38,20
12:30:05,26.2,49.2,38,18
12:30:10,26.2,49.4,38,18
12:30:15,26.2,49.6,38,18
12:30:20,26.2,49.7,38,19
12:30:25,26.2,49.7,38,18
12:30:30,6.1,49.4,38,18
12:30:35,26.1,49.2,38,18
12:30:40,26.1,49.2,38,18
12:30:45,26.1,49.3,38,20
12:30:50,26.1,49.3,38,18
12:30:55,26.1,49.2,38,18
12:31:00,26.1,49.3,38,19
12:31:05,26.0,49.4,38,18
12:31:10,6.0,49.5,38,19
12:31:15,26.0,49.7,38,19
12:31:20,26.0,49.8,38,19
12:31:25,26.0,49.7,38,18
12:31:30,26.0,49.5,38,19
12:31:35,26.0,49.5,38,19
12:31:40,26.0,49.6,38,19
12:31:45,26.0,49.9,37,19
12:31:50,6.0,50.1,38,18
12:31:55,26.0,49.8,38,19
12:32:00,26.0,50.0,37,19
12:32:05,26.0,50.0,37,20
12:32:10,6.0,49.9,38,19
12:32:15,26.0,49.9,37,20
12:32:20,6.0,50.1,37,17
12:32:25,26.0,50.3,37,20
12:32:30,26.0,50.4,37,20
12:32:35,26.0,50.6,38,20
12:32:40,26.0,50.5,37,19
12:32:45,25.9,50.6,38,20
12:32:50,25.9,50.7,37,20
12:32:55,25.9,50.7,37,21
12:33:22,25.5,47.6,49,0
12:33:27,25.5,51.0,40,2
12:33:32,25.6,51.8,39,16
12:33:37,25.7,52.0,38,21
12:33:42,25.7,52.0,38,23
12:33:47,25.7,51.7,38,23
12:33:52,25.7,51.5,37,23
12:33:57,25.7,51.6,37,23
12:34:02,25.7,51.7,38,21
12:34:07,25.7,51.8,37,21
12:34:12,25.7,51.8,38,21
12:34:17,25.8,51.7,38,21
12:34:22,25.8,51.8,37,21
12:34:27,25.8,51.9,0,21
12:34:32,25.8,52.1,0,20
12:34:37,25.8,52.1,0,21
12:34:42,25.8,51.9,0,22
12:34:47,25.9,52.0,0,15
12:34:52,25.9,52.2,0,17
12:34:57,25.9,52.5,0,17
12:35:02,26.0,52.8,0,16
12:35:07,26.0,52.5,0,16
12:35:12,26.0,52.2,0,14
12:35:17,26.1,51.8,0,14
12:35:22,26.1,51.7,0,14
12:35:27,26.1,51.6,0,14
12:35:32,26.1,51.4,0,13
12:35:37,26.1,51.4,0,13
12:35:42,26.1,51.5,0,13
12:35:47,26.1,51.5,0,13
12:35:52,26.1,51.4,0,13
12:35:57,26.2,51.4,0,13
12:36:02,26.2,51.4,0,14
12:36:07,26.2,51.3,0,12
12:36:12,26.2,51.3,0,12
12:36:17,26.2,51.1,0,12
12:36:22,26.2,51.0,0,11
12:36:27,26.2,50.8,0,12
12:36:32,26.2,51.2,0,12
12:36:37,26.2,51.3,0,12
12:36:42,26.2,51.7,0,12
12:36:47,26.2,51.9,0,13
12:36:52,26.2,51.7,0,12
12:36:57,26.3,51.5,0,12
12:37:02,26.3,51.4,0,13
12:37:07,26.3,51.4,0,13
12:37:12,26.3,51.4,0,11
12:37:17,26.3,51.4,0,10
12:37:22,26.4,51.3,0,10
12:37:27,26.4,51.1,0,10
12:37:32,26.4,50.9,0,11
12:37:37,26.4,51.1,0,10
12:37:42,26.4,51.0,0,10
12:37:47,26.4,50.9,0,10
12:37:52,26.4,50.9,0,10
12:37:57,26.4,50.7,0,10
12:38:02,26.4,50.6,0,10
12:38:07,26.4,50.5,0,10
12:38:12,26.4,50.6,0,11
12:38:17,26.3,50.4,0,11
12:38:22,26.3,50.9,0,11
12:38:27,26.3,50.5,0,10
12:38:32,26.3,50.5,0,10
12:38:37,26.2,50.6,0,10
12:38:42,26.2,50.7,0,10
